ProductID,ProductName,ProductGroupID,Brand,Model,Price,StockQuantity,Description,Weight,Dimensions
1,draw,15,"Graham, Miller and Nelson",Model-0104,353.68,525,Across maintain agreement attorney.,2.57,14x9x68
2,and,68,Williams-Graves,Model-1769,759.78,0,Class rich one some.,5.65,38x82x31
3,six,61,"Greer, Guzman and Parker",Model-0275,341.67,81,Oil official business indeed various blue.,8.16,63x66x83
4,factor,68,Jackson-May,Model-0461,866.91,583,Key pass green similar involve out order.,3.84,23x89x63
5,race,89,Fletcher Ltd,Model-8005,129.18,660,Us third property family.,5.37,69x48x60
6,Republican,61,Mcclain Ltd,Model-4940,36.38,467,Get produce force.,2.97,45x95x73
7,nation,65,Mills LLC,Model-8232,232.33,172,Chance huge expert friend exist.,3.88,94x98x82
8,tax,47,Crawford-Gonzalez,Model-6610,614.12,740,Sister exactly speak yard quality character.,0.81,18x45x92
9,able,14,Anderson PLC,Model-3496,599.02,254,Member sense five when while.,9.88,20x100x83
10,large,29,Young Inc,Model-5047,104.26,812,Political day your.,3.64,98x46x42
11,girl,48,"Reyes, Proctor and Stokes",Model-5850,925.96,35,Enjoy significant offer arm hard bar.,8.83,15x54x91
12,walk,11,"Mitchell, Johnson and Myers",Model-6414,720.7,342,Through will house win employee claim.,4.32,95x58x82
13,item,18,Martin Group,Model-8874,446.43,786,It about interest study administration many fish.,1.84,98x13x85
14,city,16,Mcmillan-Miller,Model-7059,393.76,104,Wall wrong court bring near.,7.83,100x29x70
15,one,99,Copeland LLC,Model-0729,445.06,932,Hand include star knowledge interesting economic audience small.,1.11,39x94x77
16,sort,25,Edwards Group,Model-8941,62.03,236,Avoid chance forget project performance person.,5.19,67x5x72
17,run,16,"Johnson, Jones and Underwood",Model-3679,486.66,116,Company training indicate allow her rather.,4.31,30x94x30
18,street,80,Coleman PLC,Model-0262,529.95,407,Music west be course.,4.57,58x42x7
19,public,95,James LLC,Model-0094,495.04,438,Firm above available exist.,4.02,69x26x45
20,contain,18,Kline Ltd,Model-3257,812.4,102,Create concern hit bag.,3.46,72x65x48
21,staff,79,Gregory-Reed,Model-5746,240.17,224,Let appear shake make start.,2.9,46x61x84
22,sense,49,Harris Group,Model-0946,675.93,7,Line ready onto.,1.55,68x72x69
23,throw,22,Good Ltd,Model-6911,97.62,737,Government church hard.,3.8,85x46x45
24,according,10,Garcia LLC,Model-1552,258.35,794,Unit term Democrat worker improve assume.,9.25,60x12x82
25,fight,59,Anthony and Sons,Model-0506,126.96,562,Believe easy improve fly wife finish.,6.73,20x27x95
26,military,30,Walsh-Gregory,Model-2501,938.68,285,Identify they remember large maybe realize international.,5.59,31x64x65
27,office,34,"Peterson, Riggs and Parks",Model-5352,557.11,159,Charge difference student student probably story whatever.,2.36,20x66x86
28,budget,96,"Hall, Wagner and Wilson",Model-4283,924.38,652,Try career own great key our cost.,3.68,10x70x57
29,trip,25,Ali-Gonzalez,Model-3747,275.06,552,Cause situation do really home choice avoid.,2.34,28x51x16
30,than,9,King-Garcia,Model-6110,784.92,805,Accept safe then left.,7.67,70x60x26
31,different,87,"Joseph, Cunningham and Carr",Model-8919,452.09,719,Try without determine nation six.,8.01,82x41x40
32,person,61,"Chase, Becker and Bates",Model-5860,289.56,867,Hotel Mr score show.,8.06,37x58x87
33,inside,18,"Williams, Knapp and Armstrong",Model-1392,538.32,419,Or available visit.,4.29,54x46x47
34,sort,4,Garcia-Benson,Model-8833,691.81,71,Choice letter friend fact.,5.54,24x62x8
35,financial,19,Yates Inc,Model-7248,750.04,16,Candidate newspaper after executive others somebody.,7.35,67x89x46
36,address,83,Ellis Group,Model-7349,605.69,109,Car chair director rule identify collection interest word.,8.09,50x57x37
37,fill,86,"Aguilar, Riggs and Carr",Model-0506,656.15,442,Feel man produce house staff.,4.2,71x77x71
38,pick,26,Watts-Allen,Model-8410,308.36,607,Somebody group shoulder so.,9.3,93x74x83
39,whole,82,Frank-Carter,Model-3279,949.98,38,Science argue green coach pay.,1.07,81x86x93
40,eye,31,Robinson-Saunders,Model-5248,636.1,114,Charge above even give measure dog parent.,2.81,80x83x17
41,happy,79,Torres-Thomas,Model-5668,802.18,986,New then today production ever appear price all.,2.41,95x15x45
42,look,44,Wallace and Sons,Model-9793,777.18,547,Try various feel arrive remain.,8.82,91x91x63
43,animal,33,"Herring, Ellis and Montgomery",Model-9661,197.85,729,Crime seem writer wrong production born.,5.27,9x83x44
44,impact,49,Bowman-Mueller,Model-1137,787.08,845,Sister outside federal adult sometimes.,9.79,28x65x31
45,cover,77,"Carroll, Hawkins and Le",Model-5339,794.11,427,Wonder spring certainly social cultural.,1.69,72x17x25
46,several,42,"Gordon, Barnes and Kennedy",Model-8514,145.74,318,This well still six manager father which finally.,5.97,48x89x7
47,money,64,Chase LLC,Model-6459,449.24,629,Late impact others why east.,2.25,13x16x97
48,movie,58,Santos Group,Model-1383,19.29,154,Able road everybody again federal important.,5.07,22x34x27
49,local,23,"Santana, Campos and Roberts",Model-9900,842.3,521,Ever recognize after father.,1.52,89x36x50
50,loss,53,Watkins-Weaver,Model-4325,731.03,860,Follow participant hope hit.,1.92,41x94x12
51,item,52,Farmer-Bowman,Model-7985,711.59,717,Better fill nothing once exactly.,6.35,40x38x90
52,man,12,Hernandez-Perry,Model-8906,559.26,585,Door a adult may front history them.,3.12,74x90x94
53,something,84,Martin-Webb,Model-1929,236.43,436,Adult professional space off simple art.,6.68,21x63x29
54,common,26,Benitez-Peterson,Model-9805,363.72,407,Long laugh condition too source research job.,8.25,18x31x68
55,major,32,Flores Group,Model-5311,621.37,608,Certainly we actually.,2.93,99x100x29
56,miss,77,Brooks-Brown,Model-1045,69.84,33,Smile newspaper often yes while realize since.,6.34,85x30x71
57,floor,51,"Randall, Gomez and Evans",Model-3894,153.93,526,Check hair account win high dream.,7.39,19x51x7
58,these,22,Patel-Morris,Model-4654,227.39,749,Position single away new family.,3.03,83x91x87
59,suffer,14,Frye-Malone,Model-3818,355.47,421,Head tell clearly attorney than base at traditional.,6.12,83x24x21
60,bar,95,Cook Group,Model-9203,232.26,13,Bill bar cut talk American someone seem.,6.11,28x59x48
61,wish,37,Pollard and Sons,Model-4118,107.48,136,Reflect reason up attorney many reveal image.,4.16,70x24x44
62,cell,15,"Woods, Medina and Smith",Model-3394,843.52,244,Against include imagine compare know improve.,5.16,69x74x73
63,action,20,"Roberts, Joseph and Smith",Model-1769,196.64,301,Factor improve three its describe three.,6.99,34x94x82
64,trouble,87,Lewis-Estes,Model-9226,547.89,420,Pull popular board.,5.38,100x69x85
65,some,2,"Torres, Saunders and Wilson",Model-5479,461.85,765,Television tough summer night next another home.,7.14,66x29x12
66,sing,74,Glenn-Bennett,Model-7162,915.61,721,Toward provide guy camera front service officer.,7.21,37x62x44
67,American,13,Rice-Wood,Model-0491,532.55,685,Total reach experience box decide.,3.11,83x27x77
68,bed,34,"Caldwell, Ortiz and Fox",Model-1576,403.97,959,Everything past recently air national.,7.8,79x77x83
69,save,99,Leonard-Scott,Model-3470,930.7,836,Become item military TV.,6.87,82x84x12
70,open,6,"Beck, Anderson and Wilkerson",Model-8326,531.42,538,Campaign break camera paper key rather agent.,6.74,54x9x19
71,west,11,Johnson-Mendez,Model-8125,702.31,89,Rate child check trade board reality poor.,1.39,60x51x46
72,think,13,Clark-Brown,Model-8604,621.27,129,Right thousand upon close difference later.,7.91,87x51x69
73,when,47,"Rivera, Huber and Morgan",Model-1932,591.85,202,Rest but shake product.,6.14,11x18x46
74,political,7,Dougherty PLC,Model-1864,96.09,610,Recent rest degree board capital north response both.,8.55,43x88x39
75,home,57,Jacobson LLC,Model-4067,912.67,543,Plant community type hit make.,9.57,33x50x43
76,such,27,Norris-Ortiz,Model-0689,565.87,765,Add sort writer part brother teach what.,4.93,21x19x70
77,dinner,42,Williams PLC,Model-0590,662.1,201,Summer grow trade machine.,4.43,15x48x42
78,but,26,Simmons Group,Model-3866,722.62,200,Edge act among professional much special admit.,8.15,59x45x26
79,street,50,Hill-Wade,Model-8120,860.87,48,Gas fact throughout cut bring fact.,5.43,56x73x98
80,modern,31,Doyle LLC,Model-4387,982.05,285,Reflect opportunity student administration trade full.,1.3,86x16x82
81,road,1,Garcia-Thompson,Model-9360,293.18,527,Heart investment minute speak I.,1.27,45x5x77
82,collection,90,Tapia LLC,Model-9823,11.76,906,Sport of decision who tonight always live heavy.,9.41,12x69x46
83,personal,99,Evans-Park,Model-1526,440.34,863,Yet moment try.,7.22,94x77x40
84,whose,28,"Ayala, Silva and Brewer",Model-7016,889.62,935,Sometimes meet writer light.,8.54,12x56x51
85,short,23,"Miller, Rogers and Barnes",Model-6682,404.23,423,Generation left admit firm.,2.03,24x29x70
86,theory,93,Garcia Group,Model-4431,837.68,512,Face ground friend amount.,5.61,94x40x10
87,budget,100,Griffin Inc,Model-7054,383.14,675,Edge appear nation live specific try.,5.43,80x36x100
88,attention,65,Gonzalez and Sons,Model-3442,27.18,474,For without money free.,1.21,79x45x87
89,health,26,"Elliott, Black and Cooper",Model-6942,845.35,608,Policy money later two prevent ball public explain.,5.29,8x86x49
90,commercial,4,"Russo, Henry and Sweeney",Model-4756,354.72,938,Police question toward wide religious cover new.,5.97,60x14x39
91,how,23,Trujillo-Conner,Model-7036,797.24,332,Choose production out yard think usually.,9.54,41x18x13
92,mouth,46,"Dean, Barton and Brooks",Model-5372,563.5,924,Indeed miss take sell somebody.,5.03,12x39x66
93,would,3,"Ortiz, Ward and Jones",Model-6088,909.95,988,However capital end every us sit until.,1.52,10x24x10
94,who,28,"Matthews, Collins and Golden",Model-5026,11.87,27,Thank time contain and want manager southern.,9.93,49x8x33
95,and,47,"Estrada, Perry and Singleton",Model-4388,629.61,553,Case former middle region.,3.89,75x66x39
96,foreign,60,Smith-Torres,Model-0220,250.98,90,Hotel simple bring professional through left process.,2.87,20x37x69
97,tonight,11,"Oliver, Montoya and Andersen",Model-4500,341.77,49,Office reveal if not energy affect up range.,9.2,46x49x90
98,American,19,Warren Inc,Model-2109,734.02,289,After ability choice civil check cut.,5.02,5x35x83
99,firm,50,"Lloyd, Schmidt and Terry",Model-8031,918.86,622,Decade car agency network without order challenge wind.,9.69,93x74x48
100,since,61,Rodriguez Inc,Model-7470,719.53,247,Well develop always term west deep.,2.97,89x60x49
101,consumer,5,Reed-Scott,Model-7647,558.2,424,Night your girl memory.,7.58,55x87x88
102,future,43,Hensley PLC,Model-5720,179.79,251,Simple amount land analysis statement.,9.4,28x29x69
103,common,57,Sanders-Garcia,Model-8625,950.9,191,Somebody catch meet office none carry.,1.46,17x80x53
104,teach,9,"Harris, Downs and Floyd",Model-4543,416.53,246,Board floor education recent office around enough.,3.23,23x52x96
105,population,50,Lee-Day,Model-9430,702.21,484,We avoid boy moment white practice score.,5.71,6x76x24
106,dinner,37,Bowers PLC,Model-6267,762.12,526,Tax threat area evidence never.,6.75,71x16x8
107,development,89,Burnett Group,Model-9033,541.54,296,Standard compare feel.,4.84,64x7x77
108,peace,10,Thompson-Moran,Model-1200,112.96,307,Security medical person reveal American.,2.98,74x71x77
109,dream,68,Harris-Schaefer,Model-8142,210.84,888,Billion miss heavy certainly quality.,7.53,33x77x29
110,fact,83,Smith Ltd,Model-9989,176.77,307,Town land write suggest myself age.,8.95,5x56x97
111,organization,68,"Howard, Cox and Crawford",Model-0967,693.26,977,Group president man pattern lay specific.,3.06,56x50x62
112,treat,30,Meyers Group,Model-0154,789.77,240,Under itself sell theory forward.,2.06,43x76x26
113,debate,96,Hall-Cooley,Model-4860,956.12,761,Throughout wish school everyone.,2.44,17x15x52
114,those,66,Wright Group,Model-6485,273.6,429,Likely our turn modern.,1.37,13x95x99
115,buy,89,Walls-Trujillo,Model-6765,406.23,212,Probably miss skin story likely poor.,2.97,14x13x15
116,try,85,"Edwards, Hughes and Williams",Model-6853,480.75,15,Side voice field mean specific.,3.39,48x78x56
117,make,65,"Hill, Luna and Coleman",Model-5378,322.42,400,Attention save hear level cut whole material.,1.75,86x74x22
118,suddenly,1,"Yoder, Frazier and Vargas",Model-4379,808.23,768,Travel short evidence see.,6.92,53x8x32
119,rather,77,Murray-Steele,Model-2511,636.68,287,Value despite model best.,9.98,81x100x27
120,total,80,Lucero-Allen,Model-8400,60.31,94,Test think bill such four any almost.,2.56,89x6x95
121,must,98,Mcgrath-Stewart,Model-3779,443.88,374,Others board speak girl.,1.31,22x68x9
122,side,69,Ramos-George,Model-7993,24.8,859,Beyond role effort scientist still.,3.12,32x11x72
123,spend,14,"Gonzales, Hess and Guerrero",Model-6756,967.09,344,State exist generation drive who.,3.39,73x6x9
124,imagine,7,"Thompson, Marsh and Sherman",Model-2747,448.11,13,Face across natural glass billion thank as.,0.64,31x21x96
125,maybe,84,Harris-Ramirez,Model-7504,110.48,866,Someone future anything reach.,2.95,27x13x14
126,reveal,59,"Richards, Brown and Pruitt",Model-8336,924.01,114,Per plant car maintain deal.,5.6,23x68x44
127,figure,83,Scott Ltd,Model-8686,670.25,491,Take under per film performance seem character.,8.43,47x11x88
128,before,40,Griffin Inc,Model-1008,980.51,614,Law past floor his.,5.26,16x64x100
129,often,96,Sharp Ltd,Model-4745,720.67,151,Drop range fly less.,0.85,64x68x89
130,party,19,Bishop Inc,Model-8742,101.79,745,East hear machine.,1.87,10x60x94
131,scientist,21,Abbott-Hoover,Model-0156,425.35,684,Read gun find clear goal job base feeling.,7.77,11x38x18
132,treat,98,Tanner Ltd,Model-7880,118.51,757,Better effort commercial argue everything.,2.22,98x10x68
133,result,67,Ewing-Murphy,Model-0800,317.75,539,Within add security or should list.,0.75,22x18x75
134,carry,100,"Beard, Sanders and Nelson",Model-0173,297.38,714,Admit force arm doctor.,5.69,69x63x95
135,throw,78,Robinson-Jones,Model-8549,456.88,336,Pattern exist coach particularly stand.,8.77,30x21x54
136,official,88,Atkinson-Smith,Model-4105,784.03,986,Wrong their billion move lay including there air.,8.54,75x61x80
137,man,30,"Baker, Gibson and Waller",Model-4432,516.48,585,Several ability nearly.,2.85,94x88x5
138,prepare,59,"Rivera, Jackson and Austin",Model-5596,882.72,906,In white company table sea drive.,7.26,46x73x54
139,here,81,Camacho Group,Model-7000,258.64,437,Husband goal writer according staff time second.,4.54,78x15x9
140,piece,21,"Burns, Harrison and Ball",Model-0940,308.78,30,Rather just thing against year church hit.,8.23,66x94x64
141,hear,86,Ray Group,Model-7493,530.37,823,Culture treatment subject around anything forget never.,7.94,34x49x28
142,me,58,"Stewart, Swanson and Thompson",Model-6862,805.27,551,Material leg area trade decision class catch of.,6.2,64x91x98
143,writer,3,Sanders Ltd,Model-6917,921.26,318,Nice lead baby catch girl pull air.,4.04,22x30x60
144,bar,12,Orr-Bryant,Model-0253,682.26,137,Community team medical point still lead summer.,0.8,29x33x57
145,support,26,Jones-Stone,Model-1527,381.52,766,Mr win occur base.,7.24,23x65x96
146,meeting,89,"Richardson, Hernandez and Hart",Model-7880,241.9,663,Relate someone involve include go scene stuff.,1.06,53x73x82
147,physical,35,Miller-Martin,Model-1264,210.08,285,Part paper lose than choice low movement.,3.83,100x9x78
148,cause,6,Brown Group,Model-7919,594.07,110,Wrong bag their try where cut.,9.87,63x51x73
149,success,14,Patton-Moreno,Model-3642,973.07,212,Mission themselves if claim nearly.,5.65,14x28x17
150,growth,32,Morgan Group,Model-0539,619.17,281,Serious turn produce win push history.,2.83,10x85x95
151,democratic,70,Wise-West,Model-0415,161.19,674,Number attorney gun never goal.,9.81,70x28x26
152,suddenly,69,Gill-Chandler,Model-4491,475.86,281,As others practice accept quite base begin arm.,4.88,89x61x34
153,opportunity,24,Jackson LLC,Model-0542,470.16,997,Member themselves idea investment loss.,8.49,38x77x43
154,discuss,82,"Ingram, Berger and Burke",Model-8994,892.75,552,Garden relate beyond guy visit last possible pressure.,9.35,32x37x78
155,image,91,"Carpenter, Bates and James",Model-6179,610.35,267,Officer follow wear one.,9.66,56x98x85
156,industry,1,Smith-Santiago,Model-7961,101.23,574,Stay pass behind.,5.22,43x22x73
157,mouth,84,Douglas-Camacho,Model-3232,440.11,285,Body word door watch type our out politics.,7.83,57x31x22
158,know,2,"Stone, Moore and Fisher",Model-1679,611.32,378,Rather road probably sense radio recent wife.,2.7,6x19x30
159,work,55,Thompson and Sons,Model-2469,108.35,255,Generation perhaps hit trade seek mission appear.,3.28,24x88x94
160,chance,84,"Williams, Williams and Foley",Model-0769,189.4,948,Write political action kind.,3.78,42x6x14
161,or,67,Bennett Inc,Model-3489,886.0,410,Apply although turn modern.,2.65,83x65x34
162,spring,82,Ramirez Ltd,Model-0834,857.92,683,Congress character within me action build.,7.09,65x93x41
163,throw,43,Hamilton-Marshall,Model-7453,701.79,887,Federal require actually result.,7.84,48x45x81
164,time,8,Horton-Perkins,Model-8602,173.14,845,Respond wait become arm pressure soldier sense city.,5.74,23x14x13
165,onto,6,"Pratt, Munoz and Lang",Model-1799,653.28,921,Factor half list interview.,3.21,69x93x66
166,spring,58,Rosales-Scott,Model-4418,991.27,789,Sometimes church see middle.,2.74,81x38x14
167,relationship,49,Alexander Ltd,Model-5241,681.93,774,Anything quickly inside five.,7.51,55x14x55
168,rest,19,Kemp LLC,Model-3353,310.76,323,True way call kitchen least.,5.48,99x26x50
169,in,58,James-Reed,Model-4720,635.42,118,How central truth wind find lay industry.,9.83,98x77x55
170,budget,87,Morgan-Kelly,Model-3156,416.13,625,Team help level article imagine follow big.,8.91,36x11x69
171,social,19,Coleman-Dawson,Model-5112,378.85,339,Inside kind data benefit your professor.,4.86,34x88x48
172,people,46,Miller Inc,Model-5762,274.76,647,Civil fall decide.,3.58,81x6x20
173,product,27,"Castro, Campbell and Powell",Model-3607,602.42,975,Way prevent future difficult film.,0.52,45x54x14
174,seat,31,Green-Sanders,Model-7845,284.38,83,Perhaps even affect attention learn add.,0.55,36x16x43
175,soldier,39,Davis Group,Model-5745,357.18,252,Up authority build why tonight center trial.,8.86,31x76x26
176,face,49,Jones-Ho,Model-6041,520.56,206,Activity light claim.,8.65,51x86x84
177,out,35,Ferguson-Allen,Model-4822,500.71,857,Million much officer study.,3.43,41x73x24
178,doctor,75,Cortez LLC,Model-8773,955.17,104,Class listen size option thousand west call.,8.11,63x66x10
179,notice,98,"Dawson, Wilson and Garcia",Model-8176,195.76,805,Wall sell shake natural.,1.27,55x78x94
180,although,78,Terry Ltd,Model-2355,217.96,885,Anyone do small now special.,8.51,69x70x90
181,nothing,19,Gibson-Daniels,Model-1946,176.91,552,Right movement purpose least notice take.,2.14,11x96x67
182,use,22,Miller-Reeves,Model-9567,490.18,172,Run like rate skill alone.,0.77,45x67x61
183,themselves,34,Bennett PLC,Model-8141,394.06,441,Attack weight above different suggest course.,5.52,56x65x70
184,keep,99,"Washington, Watson and Rhodes",Model-0475,368.43,534,Performance hear government these realize back.,7.26,34x30x98
185,reach,88,King LLC,Model-2146,904.13,751,His federal less.,8.73,73x64x23
186,natural,96,Lin and Sons,Model-1063,954.04,127,Baby step life.,6.45,5x54x97
187,their,64,Suarez-Harvey,Model-8623,512.62,45,Specific real entire technology.,4.95,33x96x44
188,when,2,Martin Ltd,Model-4994,426.18,502,Special audience more sign house health.,9.38,42x39x38
189,cut,90,"Skinner, Johnson and Hernandez",Model-4295,255.87,860,Remember yourself reduce push.,7.08,71x31x94
190,energy,22,Ray-Davis,Model-8432,530.69,687,Human natural peace staff class road top.,5.94,48x58x70
191,loss,10,Mitchell and Sons,Model-3642,349.63,709,Source wall number happen.,8.37,19x19x22
192,feeling,38,Bruce-Poole,Model-3400,676.02,350,Show road local out.,5.67,17x86x67
193,executive,1,"Deleon, Bridges and White",Model-9216,34.81,823,Three open or fund.,3.2,91x34x8
194,commercial,56,"Carlson, Paul and Henderson",Model-3321,684.76,64,Some unit seek power.,2.94,58x74x28
195,everybody,55,Baker Inc,Model-0023,345.9,895,Real across hot cell the student entire.,9.33,19x28x62
196,theory,26,Robertson-Morse,Model-1350,326.68,230,Guess doctor democratic.,8.53,50x45x13
197,main,98,Edwards-Dean,Model-4581,689.22,554,Help thing simple over he into.,3.56,65x60x80
198,perform,50,"Mcmahon, Moore and Lopez",Model-1253,895.85,479,Claim control serve American.,4.4,48x15x73
199,heavy,90,"Cole, Maldonado and Aguilar",Model-0207,568.22,174,Artist else several possible.,1.1,54x36x35
200,box,81,Turner Ltd,Model-5413,73.17,732,Though me ahead continue when.,2.2,39x34x77
201,company,83,"Mendez, Johnson and Robinson",Model-5334,211.71,198,Red get change chair.,6.08,56x10x44
202,black,74,Cook-Armstrong,Model-3751,815.92,561,Represent rate because choice medical detail fill bar.,6.32,56x95x23
203,explain,84,Edwards-Smith,Model-3567,56.94,890,Task build he such.,5.31,16x56x85
204,trip,27,Phillips LLC,Model-2681,608.6,12,Could face that.,9.54,59x34x51
205,station,28,Taylor-Gutierrez,Model-1304,602.34,143,Total hit him anything pressure.,1.88,80x30x30
206,business,91,Kelley-Benjamin,Model-3613,533.93,616,Federal body mission international.,7.79,87x89x79
207,weight,27,Smith Group,Model-8005,345.21,541,Around drug evening sign campaign right.,3.79,73x50x17
208,chance,21,Stewart-Morales,Model-3753,374.75,862,Suddenly agency director end book measure.,2.88,73x79x30
209,doctor,72,Baird Group,Model-9843,248.85,143,Upon quality different move current soldier.,2.09,57x36x40
210,should,86,Miller Inc,Model-6937,20.44,362,Behavior theory until somebody.,5.42,12x6x74
211,color,57,Gilmore-Daniels,Model-8836,495.46,516,Letter parent see enough with remember.,2.97,81x43x27
212,at,88,"Sanchez, Roberts and Kelly",Model-4684,62.04,358,Memory individual lawyer power medical concern.,8.55,42x59x84
213,few,80,Boyd Ltd,Model-6616,640.71,698,Series mention respond production.,7.01,68x34x23
214,east,93,Turner PLC,Model-5368,379.68,417,Put service accept production anyone.,3.66,40x17x67
215,how,27,"Snow, Moore and Walker",Model-6926,215.89,489,Occur prepare level why sign.,7.97,36x94x48
216,market,10,Murray Ltd,Model-0738,842.23,703,Scientist discuss while radio TV once.,8.6,38x59x16
217,then,74,Herrera LLC,Model-8140,890.97,784,Reflect specific need knowledge in road.,9.31,26x80x48
218,though,80,Atkins PLC,Model-1228,693.45,589,Cup city central pretty.,1.29,81x73x10
219,build,94,Sherman-Ryan,Model-8645,620.43,585,Likely hope magazine lead rather what American.,5.36,36x30x47
220,student,95,Barajas-Thompson,Model-6704,334.17,166,American occur bank entire.,8.33,95x21x6
221,candidate,76,Greene-Ramirez,Model-9878,205.76,867,Strong fall movement difference night TV.,1.94,15x23x53
222,reach,71,"Parks, Olsen and Klein",Model-3657,658.05,764,Table probably discover word memory position stuff.,1.42,91x6x19
223,score,60,Gibson PLC,Model-2991,12.87,853,Current environmental arrive week participant take.,2.04,17x47x35
224,artist,5,"Webster, Rodriguez and Snyder",Model-5511,774.19,821,Remember worker Congress marriage.,9.91,51x81x89
225,court,84,"Miles, Alvarez and Peterson",Model-5116,857.96,935,Star gun total this beautiful.,9.72,38x16x55
226,available,59,Castro Ltd,Model-8668,467.43,862,Agency can end ready part call marriage.,2.81,39x90x67
227,along,93,Newton PLC,Model-8291,48.8,150,Quite leg he change former edge themselves condition.,5.2,80x55x47
228,north,57,"Nelson, Dominguez and Cantu",Model-3214,644.77,470,System perhaps top.,1.16,81x9x53
229,likely,22,Hernandez LLC,Model-6353,174.17,445,Research include rich build child.,2.71,55x76x82
230,law,82,"Woods, Williams and Silva",Model-8022,131.08,625,Bill young act gas by democratic commercial.,5.64,67x19x18
231,own,7,Mcpherson-Mccoy,Model-7850,405.61,430,Decision center good far start.,3.14,27x68x41
232,seat,65,Hughes-Murillo,Model-5076,829.93,361,Nature hand pick herself nice bag.,6.34,18x43x98
233,once,9,"Richardson, Peters and Downs",Model-5455,639.37,639,Huge recognize southern determine next.,7.06,58x51x25
234,home,45,"Vargas, Elliott and Mcpherson",Model-9811,871.57,8,Return site amount million.,4.99,36x61x73
235,fine,17,Liu-Morales,Model-3889,223.83,69,Easy wonder something per.,5.04,89x99x62
236,forward,6,Lee-Weiss,Model-5997,21.59,523,Training water scene up.,1.55,15x43x36
237,civil,98,Torres LLC,Model-7865,503.97,767,Better short tax finish it laugh.,1.44,13x38x82
238,tell,62,Stanley Inc,Model-1820,705.97,70,Much enter coach mother.,6.6,9x65x94
239,go,26,Hunter Group,Model-3532,786.22,358,Station dinner leader million let who under.,7.15,92x69x54
240,term,59,Shannon LLC,Model-0125,48.81,927,Scientist crime successful.,8.13,5x31x31
241,hour,88,Johnson-Hensley,Model-8339,665.7,125,Five particular five visit pass go.,5.88,47x67x10
242,fund,58,Mckee PLC,Model-5079,197.46,982,Hair trial woman.,5.0,41x76x79
243,ago,33,Roach-Kelly,Model-5599,429.9,297,International simple degree.,4.96,70x49x77
244,source,9,"Burgess, Young and Sims",Model-0082,192.3,567,Agree none hospital direction color usually develop.,9.14,46x26x32
245,coach,84,"Wiley, Powell and Cohen",Model-3113,24.76,765,Yeah power state no sure attention.,5.09,34x96x63
246,lot,50,"Patterson, Browning and Delacruz",Model-7071,725.43,784,Beyond heavy government surface budget board interesting.,4.09,8x60x23
247,threat,100,Gonzalez Ltd,Model-2992,665.4,773,Single whatever page letter big camera.,5.97,73x54x54
248,serious,73,"Butler, Murray and Warner",Model-4025,591.96,817,Effect child maybe hit defense bank.,3.1,53x40x71
249,leave,76,Lucero Ltd,Model-2971,916.63,554,Bit audience standard really theory.,3.69,8x53x21
250,brother,86,Harris-Underwood,Model-2169,102.21,517,Serve which west over grow Mr relate.,0.52,16x21x77
251,rather,41,Richards-Bird,Model-8081,446.02,106,Only single wide whom computer law pass throw.,7.85,75x54x19
252,list,12,"Colon, Nelson and Horton",Model-2769,91.79,855,Effect case fast edge.,1.47,51x83x47
253,message,93,Brown-Hull,Model-8511,570.03,672,Black season as describe parent various.,7.29,54x91x93
254,choice,42,"Rivera, Howard and Saunders",Model-0264,369.37,744,Tax remember house whatever establish.,7.99,37x75x36
255,sit,13,Lane-Wright,Model-9305,200.17,694,Now ten turn three.,2.7,6x11x14
256,beautiful,62,Williams and Sons,Model-9496,604.83,947,Force attorney night board computer health why.,9.15,80x89x25
257,none,82,Ramirez Inc,Model-8946,822.5,602,Former into base bill.,3.49,40x36x56
258,owner,61,"Hawkins, Taylor and Aguilar",Model-1191,504.84,961,Pull information really with care.,8.99,26x97x58
259,plant,24,"Sheppard, Wilson and Walker",Model-7776,232.37,51,Stock Republican its woman fly stop.,1.63,46x81x68
260,travel,84,Lloyd-Ochoa,Model-9415,742.04,739,Couple bad exactly spring dark summer raise.,1.59,47x72x83
261,organization,4,"King, Jordan and Campbell",Model-8486,409.15,377,Prevent vote Mrs lose bank bit property.,2.58,57x48x68
262,back,48,Davila Inc,Model-3044,184.59,825,Item resource book.,6.62,41x19x98
263,increase,1,"Cox, White and Peterson",Model-3233,558.31,970,Understand drug shake.,5.62,70x55x70
264,better,70,"Fox, Atkinson and Tate",Model-9958,704.43,605,Type data town laugh save the.,5.61,25x40x5
265,start,25,Davis-Terrell,Model-9837,306.52,437,Every yourself send physical fine.,1.55,78x85x99
266,there,95,"Cameron, Francis and Jones",Model-2296,342.07,108,Just level skin.,2.29,89x57x36
267,car,68,"Baker, Mcdonald and Jones",Model-5597,890.03,566,Interesting six thousand win amount last attack would.,1.23,87x41x39
268,on,44,Delgado-Brown,Model-1384,609.1,523,Condition reality Democrat whose rich.,2.91,56x77x45
269,remain,5,Kerr-Lewis,Model-2383,81.94,89,None outside clearly maintain around western ever west.,9.54,62x99x40
270,their,88,Gordon-Kemp,Model-5191,102.37,85,Each who minute five ahead happen short.,9.15,57x64x39
271,until,28,Johnson Inc,Model-2640,455.23,356,Prevent for health sure.,6.78,90x47x15
272,watch,35,Spencer and Sons,Model-5951,745.8,919,South prove occur generation pressure wonder.,6.05,79x27x10
273,loss,96,Kennedy LLC,Model-5844,498.76,939,Cover international be finally.,7.75,10x62x63
274,sister,21,"Johnson, Simpson and Davis",Model-4344,686.19,46,Prove stage article visit community.,7.06,80x96x53
275,add,26,Potter-Griffin,Model-5437,98.43,849,I middle upon soon.,2.06,45x8x65
276,former,66,"Bridges, Weaver and Estrada",Model-9559,576.84,105,Approach challenge game Democrat.,4.81,32x18x83
277,region,46,Greene and Sons,Model-0097,324.82,547,Eat large structure agreement election defense.,3.09,89x54x98
278,management,84,Smith-Williams,Model-5677,61.84,237,Rule write say budget weight one fill.,4.45,74x74x77
279,light,40,"Norman, Jackson and Sullivan",Model-8105,225.53,604,Base back store several often former hundred.,4.38,92x8x64
280,product,8,Glover-Alexander,Model-8180,932.07,873,Live tough reduce along card administration.,0.77,78x55x38
281,could,49,Carr-Garner,Model-9243,773.31,796,Shake career drop.,4.29,87x22x17
282,majority,71,Silva Group,Model-9634,729.47,648,Scientist spend myself statement many than investment.,6.86,9x100x19
283,little,49,Keith-White,Model-0284,30.1,857,Situation none bill dream agreement discover key key.,7.7,31x90x34
284,offer,15,Willis-Graham,Model-2050,632.84,701,Anything pick prepare social eye sign.,6.52,30x27x39
285,successful,20,Barnes-Henderson,Model-1113,805.5,188,Plan cut nor.,3.36,31x81x33
286,perform,7,"Washington, Evans and Zhang",Model-7215,211.49,287,His dark heavy start thing three.,3.92,15x85x71
287,western,6,"Miles, Osborn and Serrano",Model-4151,963.22,252,Information my next do themselves.,7.54,99x53x75
288,recognize,41,Barker LLC,Model-2484,45.56,120,Sometimes of medical large.,7.12,13x41x76
289,land,70,Navarro LLC,Model-0755,539.82,366,Recent drug occur free.,1.71,90x50x16
290,fund,100,Wheeler-Flores,Model-9766,216.81,446,Upon growth voice treatment wrong try.,7.95,55x42x57
291,choose,51,"Foster, Holden and Anthony",Model-5982,767.26,208,Tend station single order police scene.,6.11,10x46x95
292,include,74,Montgomery-Morales,Model-7034,37.59,291,Their media others cultural fight provide law then.,2.98,56x8x96
293,myself,10,"Figueroa, Harris and Singleton",Model-6482,185.64,919,Use rise myself one fund own open yet.,4.62,18x87x86
294,this,98,"Manning, Duarte and Clarke",Model-3465,269.01,718,Ready he prove yard fill major inside training.,4.4,92x84x65
295,accept,20,Mcmahon PLC,Model-4037,624.49,829,Result attack someone kind go develop close water.,9.39,63x39x91
296,democratic,30,"Mcguire, Lambert and Simpson",Model-4832,846.47,947,Black build out quickly.,1.58,12x12x19
297,wish,49,Wyatt Inc,Model-4303,569.16,432,Peace phone sort drug recent property reflect understand.,3.41,85x94x52
298,race,33,Villarreal-Mitchell,Model-8088,815.81,594,Individual seek every get.,0.71,43x53x9
299,free,59,Martin-Santana,Model-3848,700.43,642,War push fine clearly over arrive threat.,1.81,43x16x16
300,when,65,"Smith, Richards and Vega",Model-4328,974.0,282,Model usually trial fish increase station rock.,8.82,99x90x80
