AccessID,CustomerID,AccessDate,PageVisited,SessionDuration,DeviceType,BrowserType,ReferrerURL,IPAddress,Geolocation,EngagementScore
1,606,2024-03-01 02:29:22,http://www.rojas.com/,3566,maybe,Mozilla/5.0 (compatible; MSIE 9.0; Windows NT 10.0; Trident/5.1),http://www.jackson.com/,125.180.63.158,"-67.6760565, 46.695882",7.13
2,251,2024-04-17 02:29:04,http://harrington.com/,1765,right,"Mozilla/5.0 (iPad; CPU iPad OS 10_3_4 like Mac OS X) AppleWebKit/536.0 (KHTML, like Gecko) CriOS/30.0.846.0 Mobile/92A961 Safari/536.0",http://johnson.com/,205.201.192.149,"-54.1753145, -78.494971",3.11
3,165,2024-01-31 04:24:28,https://gibson.org/,3385,others,"Mozilla/5.0 (iPad; CPU iPad OS 5_1_1 like Mac OS X) AppleWebKit/531.0 (KHTML, like Gecko) FxiOS/12.1x8449.0 Mobile/10C946 Safari/531.0",http://www.morrow.org/,146.162.181.53,"41.009234, 121.858013",9.85
4,598,2024-04-20 15:38:35,https://houston.com/,413,official,"Mozilla/5.0 (Macintosh; U; Intel Mac OS X 10_11_1 rv:5.0; gv-GB) AppleWebKit/534.31.4 (KHTML, like Gecko) Version/4.0.5 Safari/534.31.4",https://harrison-alvarado.biz/,117.187.118.67,"39.715090, -135.409477",4.3
5,283,2024-04-14 03:59:27,http://jones.com/,2379,really,"Mozilla/5.0 (Windows; U; Windows 98; Win 9x 4.90) AppleWebKit/535.21.2 (KHTML, like Gecko) Version/4.0 Safari/535.21.2",https://www.lopez-rodgers.com/,133.65.250.139,"49.187289, -124.789797",9.98
6,53,2024-05-03 23:20:03,http://www.greene.com/,1729,pressure,Mozilla/5.0 (compatible; MSIE 8.0; Windows CE; Trident/5.0),http://fowler-wilson.biz/,99.243.187.211,"-37.529772, -146.285695",2.32
7,981,2024-02-09 14:17:12,https://jones.info/,565,yes,"Mozilla/5.0 (X11; Linux i686) AppleWebKit/533.2 (KHTML, like Gecko) Chrome/32.0.817.0 Safari/533.2",https://nguyen.com/,137.200.245.168,"-55.977416, 30.446864",6.49
8,602,2024-06-10 09:47:22,http://cook.com/,2953,full,Mozilla/5.0 (Windows 98; Win 9x 4.90; kk-KZ; rv:1.9.2.20) Gecko/2011-10-05 00:09:17 Firefox/3.6.2,https://www.shaffer-stephens.com/,170.151.73.139,"-67.0678875, 83.696301",4.97
9,623,2024-01-03 03:58:04,https://www.shaffer.com/,3508,thought,"Mozilla/5.0 (Macintosh; PPC Mac OS X 10_6_0) AppleWebKit/531.1 (KHTML, like Gecko) Chrome/59.0.837.0 Safari/531.1",https://www.hale.com/,160.206.173.74,"-20.230009, 44.028574",4.86
10,408,2024-06-11 14:50:06,https://www.tucker-gutierrez.com/,1762,election,"Mozilla/5.0 (Macintosh; Intel Mac OS X 10_8_1) AppleWebKit/531.0 (KHTML, like Gecko) Chrome/39.0.897.0 Safari/531.0",https://www.welch.com/,17.32.72.173,"-45.905360, 65.091687",5.48
11,610,2024-04-04 04:50:39,http://www.gray.com/,1230,standard,Mozilla/5.0 (X11; Linux x86_64; rv:1.9.6.20) Gecko/2013-02-01 09:21:58 Firefox/3.6.2,http://davis.com/,13.67.131.134,"3.526239, 83.082327",0.13
12,972,2024-04-28 15:20:11,http://www.norman-turner.com/,2327,garden,"Mozilla/5.0 (Macintosh; U; PPC Mac OS X 10_7_6 rv:3.0; pt-BR) AppleWebKit/532.9.4 (KHTML, like Gecko) Version/5.0.3 Safari/532.9.4",http://miller.com/,89.52.84.177,"-26.4258415, -22.745451",7.32
13,54,2024-01-05 03:19:05,http://osborne-murillo.biz/,1066,how,"Mozilla/5.0 (Linux; Android 4.0.3) AppleWebKit/533.1 (KHTML, like Gecko) Chrome/33.0.876.0 Safari/533.1",http://www.edwards.com/,132.231.219.227,"-7.7030655, -7.047632",9.4
14,643,2024-02-21 17:29:19,http://thornton.com/,976,wish,"Mozilla/5.0 (iPod; U; CPU iPhone OS 4_3 like Mac OS X; hi-IN) AppleWebKit/534.29.3 (KHTML, like Gecko) Version/3.0.5 Mobile/8B112 Safari/6534.29.3",https://york.com/,14.79.1.125,"49.662031, 138.083514",4.68
15,560,2024-01-12 14:02:24,http://www.johnson.biz/,3114,moment,"Mozilla/5.0 (Windows; U; Windows NT 4.0) AppleWebKit/533.40.5 (KHTML, like Gecko) Version/4.0.1 Safari/533.40.5",https://cooper.com/,21.136.87.77,"63.8881545, 155.180886",6.23
16,180,2024-03-01 19:51:34,http://www.meyer-vazquez.com/,919,shoulder,Mozilla/5.0 (Macintosh; Intel Mac OS X 10_10_7; rv:1.9.5.20) Gecko/2018-11-21 02:49:32 Firefox/3.6.18,http://mclaughlin.com/,222.65.153.93,"-0.1379675, -43.573536",7.01
17,208,2024-06-03 03:24:59,http://harvey-rangel.com/,819,check,Opera/9.77.(X11; Linux x86_64; tn-ZA) Presto/2.9.170 Version/10.00,https://smith.com/,106.139.243.6,"-0.360953, -161.996697",1.23
18,54,2024-03-06 16:27:44,http://brown.com/,1792,hand,"Mozilla/5.0 (iPod; U; CPU iPhone OS 4_0 like Mac OS X; te-IN) AppleWebKit/532.5.6 (KHTML, like Gecko) Version/3.0.5 Mobile/8B112 Safari/6532.5.6",https://collins.com/,52.131.160.210,"14.035772, 106.753762",2.78
19,969,2024-01-25 18:36:22,http://wilson-kemp.com/,1287,again,"Mozilla/5.0 (X11; Linux x86_64) AppleWebKit/533.1 (KHTML, like Gecko) Chrome/23.0.801.0 Safari/533.1",https://rivera.com/,30.191.247.141,"22.858801, -69.841065",9.31
20,920,2024-04-11 23:49:09,http://www.weaver.com/,2521,charge,"Mozilla/5.0 (X11; Linux i686) AppleWebKit/531.1 (KHTML, like Gecko) Chrome/28.0.851.0 Safari/531.1",https://sandoval.com/,75.19.54.80,"-87.608397, -26.590421",6.91
21,308,2024-06-05 18:24:44,https://roach.com/,2056,company,Mozilla/5.0 (compatible; MSIE 6.0; Windows NT 6.0; Trident/5.1),https://wilson.com/,32.22.25.239,"58.9411265, 99.654305",1.03
22,320,2024-01-07 12:34:28,https://www.matthews.org/,1791,hand,Opera/8.26.(Windows NT 10.0; uz-UZ) Presto/2.9.167 Version/11.00,https://ortiz.com/,214.177.62.75,"24.764004, -111.476605",3.82
23,736,2024-02-28 15:59:32,http://www.vaughn.com/,2452,condition,Mozilla/5.0 (X11; Linux x86_64; rv:1.9.5.20) Gecko/2020-10-31 21:50:21 Firefox/4.0,https://mitchell-dennis.com/,107.198.150.21,"36.483158, -22.330762",4.01
24,409,2024-01-16 21:51:40,https://www.williams.com/,3189,experience,Opera/8.41.(X11; Linux x86_64; unm-US) Presto/2.9.172 Version/11.00,http://young-becker.com/,48.92.50.101,"-73.824037, -13.798520",5.23
25,313,2024-03-28 03:44:24,https://williams.biz/,578,their,"Mozilla/5.0 (Windows NT 6.1) AppleWebKit/534.0 (KHTML, like Gecko) Chrome/26.0.838.0 Safari/534.0",http://www.richards.com/,150.225.79.130,"14.373987, -63.130125",6.51
26,774,2024-03-31 21:45:02,http://bell-moore.com/,1757,company,Mozilla/5.0 (Windows NT 6.2; ig-NG; rv:1.9.1.20) Gecko/2014-12-26 12:44:34 Firefox/3.6.10,http://wagner-humphrey.info/,66.166.175.44,"54.847471, 19.810192",0.97
27,614,2024-01-28 00:11:23,http://www.powell.com/,1877,whole,Mozilla/5.0 (compatible; MSIE 7.0; Windows CE; Trident/4.0),https://hill.com/,205.80.18.82,"-9.353446, 124.174437",6.8
28,265,2024-05-11 03:31:51,http://schmidt.com/,67,business,Opera/9.93.(Windows NT 6.2; apn-IN) Presto/2.9.175 Version/10.00,http://berger.com/,84.17.175.118,"-18.829000, 38.349790",3.13
29,670,2024-04-08 06:02:57,https://alexander.biz/,31,laugh,Mozilla/5.0 (compatible; MSIE 6.0; Windows NT 5.2; Trident/5.1),https://price-jacobson.com/,222.135.151.76,"80.2908495, -73.908384",1.07
30,175,2024-05-27 04:43:45,https://martin-avila.com/,2280,learn,Mozilla/5.0 (Android 4.2; Mobile; rv:33.0) Gecko/33.0 Firefox/33.0,https://www.potts-castillo.net/,54.14.26.43,"33.4590765, -10.370494",3.07
31,939,2024-05-03 03:45:08,http://www.peterson-henderson.com/,453,six,Opera/9.55.(Windows NT 6.0; st-ZA) Presto/2.9.186 Version/10.00,https://tucker.com/,121.164.14.136,"85.6048115, 37.358811",4.99
32,868,2024-02-02 05:50:06,http://woods.com/,2102,sport,Mozilla/5.0 (compatible; MSIE 5.0; Windows NT 6.1; Trident/3.1),https://richardson-chapman.com/,122.152.156.222,"37.609347, 146.242199",2.18
33,349,2024-03-25 22:26:31,http://www.johnson.com/,2634,artist,"Mozilla/5.0 (Macintosh; U; PPC Mac OS X 10_11_3 rv:6.0; ko-KR) AppleWebKit/535.2.7 (KHTML, like Gecko) Version/4.1 Safari/535.2.7",http://www.ayers.com/,148.209.133.88,"87.0639605, -98.948059",2.41
34,906,2024-01-27 19:04:11,https://white-washington.com/,1674,news,"Mozilla/5.0 (Macintosh; PPC Mac OS X 10_9_8 rv:6.0; li-NL) AppleWebKit/535.49.4 (KHTML, like Gecko) Version/4.0 Safari/535.49.4",https://www.hoover.biz/,109.179.105.119,"-60.227293, 132.135611",8.31
35,551,2024-04-26 01:29:40,https://barrett.biz/,493,method,"Mozilla/5.0 (Macintosh; U; PPC Mac OS X 10_6_3 rv:3.0; as-IN) AppleWebKit/533.49.5 (KHTML, like Gecko) Version/5.0 Safari/533.49.5",http://www.reynolds.com/,65.230.107.254,"4.958626, 73.577009",0.35
36,194,2024-04-12 09:48:01,http://bailey.com/,3394,focus,Mozilla/5.0 (X11; Linux x86_64; rv:1.9.7.20) Gecko/2012-08-29 09:50:49 Firefox/3.8,https://www.gonzalez.com/,162.98.176.23,"-53.109526, -97.472291",3.82
37,977,2024-05-24 11:48:37,http://evans.info/,873,during,Mozilla/5.0 (X11; Linux i686; rv:1.9.7.20) Gecko/2013-07-29 07:59:42 Firefox/14.0,http://edwards-harrell.biz/,192.218.254.128,"-62.4160725, 141.326369",1.23
38,934,2024-05-26 11:59:08,http://www.horton.com/,3353,top,"Mozilla/5.0 (iPhone; CPU iPhone OS 10_3_4 like Mac OS X) AppleWebKit/532.2 (KHTML, like Gecko) FxiOS/13.2p3567.0 Mobile/02S365 Safari/532.2",http://www.price-robinson.com/,36.191.123.254,"51.894494, 89.116777",2.62
39,984,2024-05-04 19:12:34,http://www.morrison.com/,977,agree,"Mozilla/5.0 (Windows; U; Windows NT 4.0) AppleWebKit/531.12.2 (KHTML, like Gecko) Version/5.0.4 Safari/531.12.2",https://reynolds.biz/,55.77.232.135,"-16.1401885, -50.816903",9.18
40,348,2024-02-04 16:04:36,http://lam.org/,1360,prepare,"Mozilla/5.0 (Windows 98) AppleWebKit/534.2 (KHTML, like Gecko) Chrome/43.0.874.0 Safari/534.2",http://myers.com/,200.54.123.128,"-40.9521885, -75.363278",8.92
41,997,2024-04-14 16:26:32,http://www.miranda-kramer.com/,2946,imagine,Opera/9.27.(Windows NT 5.2; lg-UG) Presto/2.9.173 Version/11.00,http://www.williams-fitzgerald.com/,219.75.163.140,"-31.032907, 52.197598",8.94
42,219,2024-02-09 07:19:25,https://reese-olson.biz/,1273,candidate,Mozilla/5.0 (compatible; MSIE 5.0; Windows NT 5.2; Trident/5.1),http://www.lowe.com/,133.212.210.241,"24.2818265, -177.577187",1.72
43,89,2024-01-03 16:34:33,https://www.brown.biz/,1579,offer,Mozilla/5.0 (Windows 98; Win 9x 4.90; lij-IT; rv:1.9.1.20) Gecko/2011-12-09 17:41:36 Firefox/3.8,https://grimes.info/,158.4.136.216,"66.2578835, 130.605561",4.01
44,974,2024-02-25 08:17:06,https://www.wright.com/,1820,figure,"Mozilla/5.0 (iPod; U; CPU iPhone OS 4_2 like Mac OS X; mt-MT) AppleWebKit/531.25.4 (KHTML, like Gecko) Version/3.0.5 Mobile/8B118 Safari/6531.25.4",http://www.hamilton-bell.net/,140.227.219.56,"-57.2860335, -12.034993",5.55
45,349,2024-03-28 17:16:01,https://taylor.info/,1236,science,"Mozilla/5.0 (Macintosh; PPC Mac OS X 10_12_3 rv:3.0; ne-NP) AppleWebKit/534.36.4 (KHTML, like Gecko) Version/4.0.2 Safari/534.36.4",http://www.walker.com/,179.182.37.102,"34.7442645, 141.606658",0.54
46,453,2024-01-04 21:27:58,https://smith.net/,963,option,"Mozilla/5.0 (iPod; U; CPU iPhone OS 4_0 like Mac OS X; szl-PL) AppleWebKit/532.24.6 (KHTML, like Gecko) Version/3.0.5 Mobile/8B116 Safari/6532.24.6",http://www.stone.com/,79.63.180.127,"-1.141114, 54.942135",4.2
47,541,2024-03-02 11:44:43,http://schmidt.biz/,2773,know,"Mozilla/5.0 (iPad; CPU iPad OS 12_4_8 like Mac OS X) AppleWebKit/531.1 (KHTML, like Gecko) FxiOS/13.6g8684.0 Mobile/02M581 Safari/531.1",http://martinez.com/,18.45.225.84,"-77.3179165, 141.990919",7.14
48,955,2024-05-08 23:39:55,http://www.palmer.com/,2015,condition,"Mozilla/5.0 (iPhone; CPU iPhone OS 14_2_1 like Mac OS X) AppleWebKit/531.2 (KHTML, like Gecko) FxiOS/17.7e7981.0 Mobile/95Z667 Safari/531.2",http://www.vargas-smith.biz/,182.197.231.7,"42.691848, -61.328128",6.36
49,366,2024-01-05 04:20:30,https://www.lee-clarke.org/,505,four,"Mozilla/5.0 (X11; Linux x86_64) AppleWebKit/531.1 (KHTML, like Gecko) Chrome/16.0.837.0 Safari/531.1",https://www.wright.com/,56.31.180.231,"54.7749165, -129.098691",3.99
50,588,2024-02-25 12:51:42,https://www.phillips.net/,3591,never,Mozilla/5.0 (compatible; MSIE 5.0; Windows NT 6.0; Trident/3.0),https://smith-stark.com/,184.78.156.160,"-87.1007265, -0.008645",3.0
51,529,2024-01-11 15:37:44,https://goodman-hinton.com/,283,nearly,"Mozilla/5.0 (Macintosh; PPC Mac OS X 10_5_0) AppleWebKit/531.1 (KHTML, like Gecko) Chrome/41.0.825.0 Safari/531.1",http://www.clarke.com/,41.118.212.207,"-16.1665635, -92.470074",0.5
52,842,2024-05-25 18:21:41,http://burton.com/,3165,serve,"Mozilla/5.0 (Windows NT 6.2) AppleWebKit/532.2 (KHTML, like Gecko) Chrome/35.0.843.0 Safari/532.2",https://osborn.com/,95.24.142.121,"86.005757, -164.843319",9.91
53,481,2024-04-05 03:52:16,http://www.johnston-stephens.com/,1487,stay,"Mozilla/5.0 (Macintosh; Intel Mac OS X 10_6_0 rv:5.0; tl-PH) AppleWebKit/532.40.2 (KHTML, like Gecko) Version/4.1 Safari/532.40.2",https://www.maxwell.com/,123.229.239.224,"23.260068, -22.763469",1.25
54,274,2024-02-12 09:38:13,http://www.gonzales.info/,37,outside,Mozilla/5.0 (compatible; MSIE 6.0; Windows CE; Trident/5.0),https://reed-bailey.com/,9.117.20.38,"76.1386345, -107.009176",6.19
55,918,2024-04-14 20:41:57,http://www.brock-smith.com/,855,doctor,Mozilla/5.0 (Windows NT 5.01; lzh-TW; rv:1.9.0.20) Gecko/2011-02-11 03:15:32 Firefox/15.0,https://www.clements.net/,1.85.148.14,"-52.5230835, -77.340302",4.76
56,35,2024-02-21 04:19:15,http://rodriguez-pratt.net/,1396,matter,"Mozilla/5.0 (Linux; Android 1.1) AppleWebKit/535.2 (KHTML, like Gecko) Chrome/31.0.819.0 Safari/535.2",https://www.knight.org/,11.36.178.90,"-31.906299, -166.796863",9.82
57,19,2024-06-11 15:51:38,https://grimes-garcia.info/,2614,likely,"Mozilla/5.0 (Windows; U; Windows NT 5.01) AppleWebKit/535.22.2 (KHTML, like Gecko) Version/4.0.4 Safari/535.22.2",https://roberts.com/,130.9.209.126,"-14.420781, -35.872904",7.53
58,674,2024-02-26 01:02:53,http://burns-gardner.com/,79,where,"Mozilla/5.0 (iPod; U; CPU iPhone OS 4_3 like Mac OS X; kw-GB) AppleWebKit/531.48.1 (KHTML, like Gecko) Version/3.0.5 Mobile/8B119 Safari/6531.48.1",https://rios-rangel.net/,173.46.239.221,"-0.1724865, 151.370900",7.46
59,819,2024-05-05 23:38:51,https://wilson.com/,413,more,Opera/9.93.(X11; Linux x86_64; fy-DE) Presto/2.9.175 Version/10.00,http://hunt-mata.com/,129.83.139.193,"-83.216008, -153.370991",1.14
60,869,2024-02-17 04:29:42,http://www.jones.com/,3231,sister,Opera/9.25.(Windows NT 6.0; my-MM) Presto/2.9.190 Version/10.00,https://stevens-mcclure.com/,48.60.56.129,"-8.1868785, 7.877973",8.46
61,535,2024-01-25 04:42:27,https://green-morales.com/,1103,somebody,Mozilla/5.0 (X11; Linux x86_64; rv:1.9.5.20) Gecko/2014-11-21 21:47:57 Firefox/3.8,http://www.villanueva.com/,161.53.186.152,"59.0905505, 37.179663",9.04
62,895,2024-05-01 14:11:46,https://graham.com/,3369,property,Opera/9.49.(X11; Linux i686; ak-GH) Presto/2.9.183 Version/11.00,https://green.com/,112.231.2.248,"-22.2223245, -2.249499",2.03
63,256,2024-05-29 20:40:22,http://wade.com/,149,may,Opera/8.72.(Windows NT 5.2; gv-GB) Presto/2.9.182 Version/11.00,http://www.hart.biz/,157.208.150.199,"79.1053335, 177.362243",1.62
64,474,2024-01-02 15:03:09,http://www.blankenship-miller.com/,1935,million,Mozilla/5.0 (compatible; MSIE 8.0; Windows NT 6.0; Trident/5.1),https://www.sims-martin.com/,142.168.9.6,"-88.501711, -26.005014",1.45
65,771,2024-04-06 08:21:30,https://wilson.com/,815,similar,"Mozilla/5.0 (Windows NT 6.0) AppleWebKit/532.2 (KHTML, like Gecko) Chrome/20.0.894.0 Safari/532.2",http://johnson-vargas.info/,91.226.238.202,"10.1693615, 110.741433",9.26
66,243,2024-03-07 02:16:53,http://bell-oconnor.com/,241,wrong,Opera/9.35.(Windows NT 5.1; mt-MT) Presto/2.9.182 Version/12.00,https://garcia.info/,150.72.194.67,"-8.2113255, -179.568446",5.02
67,472,2024-01-04 08:36:49,https://www.gaines.com/,2006,indeed,"Mozilla/5.0 (iPod; U; CPU iPhone OS 3_3 like Mac OS X; tg-TJ) AppleWebKit/532.5.1 (KHTML, like Gecko) Version/3.0.5 Mobile/8B113 Safari/6532.5.1",https://booth.com/,19.240.219.39,"24.961124, 115.149673",6.09
68,662,2024-05-26 23:39:19,http://www.stanton.com/,2464,put,Mozilla/5.0 (compatible; MSIE 8.0; Windows NT 5.2; Trident/3.0),https://hodges.org/,95.196.138.15,"-8.9604395, -131.639936",4.23
69,578,2024-03-30 16:08:12,https://www.roman.biz/,2397,prepare,Mozilla/5.0 (compatible; MSIE 8.0; Windows NT 5.0; Trident/3.1),https://www.benson.net/,105.31.179.7,"26.2580615, 124.795913",4.66
70,536,2024-01-20 04:26:21,https://www.shannon-patterson.info/,2536,quality,Opera/8.38.(X11; Linux x86_64; ff-SN) Presto/2.9.175 Version/10.00,https://cantrell-mcclure.org/,220.204.72.38,"22.035932, 130.017284",0.92
71,260,2024-03-15 10:01:16,https://sanford.info/,1083,minute,"Mozilla/5.0 (Windows 98) AppleWebKit/534.1 (KHTML, like Gecko) Chrome/38.0.806.0 Safari/534.1",https://nixon-berry.com/,10.27.54.18,"-1.4035765, 103.984020",1.06
72,870,2024-01-03 05:50:46,https://bennett.net/,1344,hospital,"Mozilla/5.0 (iPad; CPU iPad OS 6_1_6 like Mac OS X) AppleWebKit/535.1 (KHTML, like Gecko) FxiOS/14.2x3902.0 Mobile/34Z071 Safari/535.1",https://www.henderson.com/,201.158.180.161,"-72.4047225, -149.687805",7.26
73,452,2024-01-26 13:09:14,https://www.smith-waller.com/,2592,trial,Mozilla/5.0 (compatible; MSIE 7.0; Windows CE; Trident/5.0),http://www.harris.info/,24.117.111.210,"-25.5967855, 105.103512",7.25
74,629,2024-05-09 14:37:09,http://www.johnson.com/,1628,friend,"Mozilla/5.0 (Windows; U; Windows NT 5.1) AppleWebKit/535.37.7 (KHTML, like Gecko) Version/5.0.4 Safari/535.37.7",https://www.martinez.com/,180.66.112.98,"35.563086, 149.096612",9.65
75,38,2024-02-20 05:06:19,https://www.jimenez.com/,2767,identify,"Mozilla/5.0 (iPhone; CPU iPhone OS 12_4_8 like Mac OS X) AppleWebKit/531.1 (KHTML, like Gecko) FxiOS/18.9f8609.0 Mobile/90S025 Safari/531.1",https://www.ruiz.biz/,86.214.127.138,"3.7112445, -171.466353",7.65
76,438,2024-01-16 04:28:15,http://www.brown-lynch.net/,565,force,"Mozilla/5.0 (Macintosh; U; PPC Mac OS X 10_12_6) AppleWebKit/531.0 (KHTML, like Gecko) Chrome/16.0.869.0 Safari/531.0",https://www.garcia.com/,182.73.0.50,"8.3519745, -30.109730",1.75
77,113,2024-01-03 16:18:39,http://holden.biz/,2000,example,Opera/9.58.(Windows CE; dv-MV) Presto/2.9.171 Version/10.00,https://www.perez-marsh.com/,149.218.137.24,"-53.498599, 122.745087",3.11
78,693,2024-02-25 12:35:02,http://brown-weaver.com/,2487,star,"Mozilla/5.0 (iPod; U; CPU iPhone OS 3_1 like Mac OS X; ga-IE) AppleWebKit/533.22.3 (KHTML, like Gecko) Version/4.0.5 Mobile/8B115 Safari/6533.22.3",http://thomas.org/,56.75.109.121,"-14.768017, 30.754042",1.4
79,807,2024-05-09 19:53:53,https://www.moore.com/,447,everybody,Mozilla/5.0 (compatible; MSIE 9.0; Windows NT 10.0; Trident/3.1),http://green-holmes.biz/,94.6.238.4,"44.141155, -24.071982",9.69
80,734,2024-03-09 03:51:26,http://mayer.com/,1354,career,Opera/9.75.(X11; Linux x86_64; niu-NU) Presto/2.9.167 Version/10.00,https://www.shaw-smith.info/,220.49.138.244,"19.3315035, 20.935873",5.39
81,209,2024-04-30 08:46:43,https://www.rogers.com/,1318,me,Opera/9.74.(Windows NT 5.0; ts-ZA) Presto/2.9.188 Version/12.00,https://www.ferrell.com/,169.237.155.46,"-27.8679615, 97.158342",4.2
82,524,2024-02-09 11:46:43,http://reeves-foster.com/,1151,research,"Mozilla/5.0 (Windows; U; Windows NT 5.1) AppleWebKit/532.6.3 (KHTML, like Gecko) Version/4.0.3 Safari/532.6.3",https://www.lopez.com/,8.186.12.57,"-14.984103, 175.017485",3.35
83,854,2024-01-09 05:22:44,https://conner-vega.com/,1897,war,Mozilla/5.0 (Windows 95; apn-IN; rv:1.9.1.20) Gecko/2023-08-25 03:16:52 Firefox/3.8,http://steele.com/,191.205.165.42,"-27.006380, -22.549312",3.3
84,800,2024-01-16 07:17:39,https://mason.biz/,832,to,"Mozilla/5.0 (Macintosh; PPC Mac OS X 10_5_5 rv:6.0; tg-TJ) AppleWebKit/535.11.6 (KHTML, like Gecko) Version/5.0 Safari/535.11.6",http://walsh.info/,32.145.85.167,"-32.2114445, 4.161083",9.38
85,218,2024-02-07 18:11:38,http://ramos.com/,1241,serious,Mozilla/5.0 (compatible; MSIE 9.0; Windows NT 6.0; Trident/5.0),https://www.ray-walker.com/,130.149.50.76,"56.5761335, 57.518363",8.56
86,231,2024-04-24 01:57:16,https://gray-fleming.com/,1656,western,Opera/9.46.(Windows NT 6.0; ku-TR) Presto/2.9.165 Version/10.00,https://www.armstrong-green.com/,148.113.245.248,"50.6701915, -8.196631",8.15
87,732,2024-02-04 20:37:32,https://www.wilson.com/,3198,protect,Opera/9.34.(Windows NT 5.0; tt-RU) Presto/2.9.176 Version/11.00,http://www.morgan-nolan.com/,221.46.70.164,"87.144646, -111.477120",1.22
88,965,2024-04-26 09:02:56,https://www.johnson.com/,479,later,"Mozilla/5.0 (X11; Linux x86_64) AppleWebKit/535.1 (KHTML, like Gecko) Chrome/37.0.852.0 Safari/535.1",http://www.perez.com/,7.65.167.195,"-36.8936955, -12.906994",1.65
89,340,2024-05-27 06:13:05,http://www.hester.info/,1376,image,"Mozilla/5.0 (Macintosh; U; Intel Mac OS X 10_6_2 rv:3.0; bn-BD) AppleWebKit/534.23.2 (KHTML, like Gecko) Version/4.0 Safari/534.23.2",https://lowe.com/,64.187.249.43,"-78.358665, 91.447088",6.68
90,775,2024-01-31 08:02:37,http://kelley.com/,885,college,Mozilla/5.0 (Macintosh; PPC Mac OS X 10_7_0; rv:1.9.3.20) Gecko/2011-01-09 15:29:04 Firefox/15.0,http://www.reed.com/,107.52.151.148,"9.7574635, 128.158181",8.66
91,742,2024-01-30 02:11:59,http://harmon-sherman.net/,95,call,"Mozilla/5.0 (Linux; Android 3.2) AppleWebKit/531.0 (KHTML, like Gecko) Chrome/24.0.827.0 Safari/531.0",http://www.freeman.com/,201.199.23.88,"-17.800770, 134.846407",7.4
92,171,2024-03-19 04:09:11,https://benson-ramos.net/,3326,success,Opera/9.27.(X11; Linux x86_64; tr-CY) Presto/2.9.186 Version/11.00,https://frost.com/,15.7.96.89,"-79.1697745, 112.015125",5.02
93,657,2024-01-28 03:23:59,http://allison-griffith.com/,2615,start,"Mozilla/5.0 (iPad; CPU iPad OS 5_1_1 like Mac OS X) AppleWebKit/535.1 (KHTML, like Gecko) FxiOS/18.2j9912.0 Mobile/06Q605 Safari/535.1",https://spence.info/,18.216.207.44,"79.267986, 166.793591",9.64
94,148,2024-06-11 01:08:42,https://may.com/,1700,third,"Mozilla/5.0 (Linux; Android 5.1) AppleWebKit/531.0 (KHTML, like Gecko) Chrome/17.0.890.0 Safari/531.0",http://taylor.com/,93.63.240.6,"5.3277855, 147.814304",1.99
95,60,2024-04-10 04:04:38,http://holmes.info/,2299,young,Mozilla/5.0 (Android 4.0.3; Mobile; rv:52.0) Gecko/52.0 Firefox/52.0,https://www.barton.com/,202.96.218.68,"-48.3575895, -28.525879",5.84
96,944,2024-02-14 20:54:51,http://johnson-goodman.com/,5,this,Mozilla/5.0 (compatible; MSIE 6.0; Windows NT 6.0; Trident/5.1),https://ramos.com/,9.79.67.229,"-56.7654755, -160.821369",3.05
97,497,2024-04-16 04:10:46,http://vazquez.com/,950,police,"Mozilla/5.0 (iPad; CPU iPad OS 6_1_6 like Mac OS X) AppleWebKit/532.1 (KHTML, like Gecko) FxiOS/15.6x6197.0 Mobile/05B710 Safari/532.1",https://hughes.com/,200.34.86.15,"20.710402, -97.760178",6.75
98,66,2024-02-23 04:30:30,http://www.richards-phillips.org/,3055,it,Mozilla/5.0 (compatible; MSIE 7.0; Windows NT 5.01; Trident/5.0),http://www.benitez.info/,179.146.152.15,"-29.7778025, -139.446135",8.36
99,930,2024-06-11 02:56:39,http://www.rivera.org/,1822,already,Mozilla/5.0 (compatible; MSIE 5.0; Windows NT 5.1; Trident/5.1),https://martin.net/,174.213.213.211,"-27.172390, -177.542006",6.6
100,844,2024-04-11 04:11:57,https://french.com/,2395,near,"Mozilla/5.0 (Macintosh; Intel Mac OS X 10_6_0 rv:5.0; is-IS) AppleWebKit/534.13.5 (KHTML, like Gecko) Version/5.1 Safari/534.13.5",http://www.miller.com/,216.194.149.65,"-42.054568, -43.657851",1.41
101,873,2024-03-13 11:36:06,https://browning.com/,2171,hope,Opera/9.72.(Windows NT 6.2; tt-RU) Presto/2.9.170 Version/11.00,http://hernandez.com/,1.79.184.150,"65.166915, -15.878484",3.77
102,347,2024-01-27 20:25:31,https://bell-gardner.biz/,1116,administration,"Mozilla/5.0 (iPhone; CPU iPhone OS 10_3_3 like Mac OS X) AppleWebKit/533.1 (KHTML, like Gecko) FxiOS/17.1k2947.0 Mobile/74J267 Safari/533.1",http://clark-nelson.org/,120.151.99.47,"-32.761155, -30.201049",4.89
103,494,2024-04-13 18:55:09,https://www.wood.com/,572,set,Opera/9.53.(X11; Linux i686; da-DK) Presto/2.9.179 Version/12.00,http://hester.org/,182.129.88.163,"50.590819, 129.188773",0.8
104,340,2024-01-13 15:47:08,https://werner-dunn.org/,977,ten,Mozilla/5.0 (X11; Linux x86_64; rv:1.9.7.20) Gecko/2022-11-19 22:56:42 Firefox/3.8,https://green-simmons.org/,162.137.187.168,"-75.1205705, -132.659011",7.57
105,54,2024-04-21 04:57:33,http://www.bradford.com/,375,bill,"Mozilla/5.0 (Macintosh; U; Intel Mac OS X 10_11_7 rv:6.0; ka-GE) AppleWebKit/531.16.1 (KHTML, like Gecko) Version/5.0.4 Safari/531.16.1",https://campbell.com/,215.111.252.196,"-27.0472665, -144.487239",4.49
106,994,2024-03-12 06:47:50,http://cruz.com/,465,foreign,Opera/9.92.(X11; Linux i686; pt-BR) Presto/2.9.188 Version/11.00,http://sanchez.com/,152.116.200.196,"33.3462295, -96.198109",0.53
107,385,2024-02-28 10:00:56,https://www.allen-waller.com/,3050,police,"Mozilla/5.0 (X11; Linux i686) AppleWebKit/536.0 (KHTML, like Gecko) Chrome/46.0.860.0 Safari/536.0",https://scott.org/,166.16.51.100,"-79.871571, 119.802331",0.21
108,18,2024-04-02 18:43:48,https://gonzalez.info/,808,consider,Mozilla/5.0 (Macintosh; Intel Mac OS X 10_7_9; rv:1.9.5.20) Gecko/2016-06-29 07:19:21 Firefox/5.0,http://www.johnson.com/,141.217.231.92,"11.7601825, -75.432298",9.61
109,408,2024-03-01 04:04:48,http://www.clayton.info/,1131,amount,Mozilla/5.0 (compatible; MSIE 6.0; Windows NT 5.2; Trident/3.1),https://moon.com/,36.73.240.179,"22.7872565, 127.070157",1.95
110,404,2024-02-17 02:17:31,https://www.cole-freeman.biz/,1311,somebody,"Mozilla/5.0 (iPad; CPU iPad OS 10_3_4 like Mac OS X) AppleWebKit/536.1 (KHTML, like Gecko) FxiOS/18.2j5397.0 Mobile/23X912 Safari/536.1",https://walls.org/,95.217.161.127,"-82.3032615, -104.949184",7.07
111,325,2024-01-29 16:04:17,http://www.hernandez.biz/,1165,responsibility,Mozilla/5.0 (Android 5.1.1; Mobile; rv:26.0) Gecko/26.0 Firefox/26.0,https://reed-tucker.info/,80.28.161.186,"9.6365765, 150.557880",4.48
112,762,2024-04-06 07:50:19,http://roberts-mccormick.com/,3199,success,"Mozilla/5.0 (Windows NT 5.0) AppleWebKit/534.0 (KHTML, like Gecko) Chrome/37.0.856.0 Safari/534.0",https://ware.com/,138.33.242.106,"-58.1638715, -130.094414",2.39
113,844,2024-06-11 08:37:49,http://www.reid.info/,2479,successful,"Mozilla/5.0 (Windows; U; Windows NT 4.0) AppleWebKit/534.22.5 (KHTML, like Gecko) Version/5.1 Safari/534.22.5",http://cooper-salas.com/,158.53.130.236,"31.114316, 91.088658",3.39
114,504,2024-04-24 11:58:11,https://gonzalez.info/,2898,firm,"Mozilla/5.0 (X11; Linux x86_64) AppleWebKit/534.1 (KHTML, like Gecko) Chrome/28.0.802.0 Safari/534.1",https://wilson.com/,124.69.115.65,"10.900542, -58.048816",5.28
115,822,2024-01-13 00:18:56,https://duke.com/,1286,buy,Mozilla/5.0 (Macintosh; U; PPC Mac OS X 10_8_3; rv:1.9.3.20) Gecko/2023-04-18 03:59:47 Firefox/3.6.14,https://www.peck.com/,196.111.35.90,"-26.269082, -66.226662",7.11
116,945,2024-04-26 23:17:27,http://butler-fitzgerald.com/,2841,available,"Mozilla/5.0 (Windows; U; Windows NT 5.01) AppleWebKit/535.45.2 (KHTML, like Gecko) Version/5.0.2 Safari/535.45.2",https://www.williams.org/,73.116.197.172,"45.269278, 39.395085",5.43
117,798,2024-04-28 23:27:09,http://harris-franklin.com/,3289,start,"Mozilla/5.0 (Macintosh; U; Intel Mac OS X 10_12_8 rv:3.0; ja-JP) AppleWebKit/535.40.7 (KHTML, like Gecko) Version/5.0.3 Safari/535.40.7",http://www.wu.net/,85.99.192.89,"-15.036777, -111.808216",2.57
118,109,2024-04-07 04:32:57,https://phillips-ellison.org/,533,say,Mozilla/5.0 (compatible; MSIE 5.0; Windows NT 6.2; Trident/4.0),https://contreras.com/,18.61.21.151,"-39.7860835, -102.556819",0.84
119,377,2024-05-13 02:19:49,http://maldonado-sullivan.com/,2564,read,"Mozilla/5.0 (iPod; U; CPU iPhone OS 3_0 like Mac OS X; doi-IN) AppleWebKit/534.10.2 (KHTML, like Gecko) Version/4.0.5 Mobile/8B114 Safari/6534.10.2",http://munoz.com/,202.190.19.136,"-74.073936, 135.578843",9.56
120,439,2024-04-16 07:49:09,http://www.barry-brown.com/,120,early,"Mozilla/5.0 (iPad; CPU iPad OS 6_1_6 like Mac OS X) AppleWebKit/536.0 (KHTML, like Gecko) CriOS/55.0.873.0 Mobile/94F821 Safari/536.0",https://www.wang.com/,74.215.44.237,"-14.734718, 105.869708",8.66
121,109,2024-01-25 17:32:23,https://yates.com/,1516,short,Opera/8.27.(Windows NT 6.0; lv-LV) Presto/2.9.178 Version/11.00,http://www.martin.com/,102.39.25.46,"-65.307492, 138.575694",2.38
122,158,2024-03-14 18:43:12,https://henry.org/,2970,stay,"Mozilla/5.0 (iPhone; CPU iPhone OS 12_4_8 like Mac OS X) AppleWebKit/534.2 (KHTML, like Gecko) FxiOS/12.4c4126.0 Mobile/88V945 Safari/534.2",http://gutierrez.com/,161.191.8.227,"83.907920, -106.611404",8.76
123,248,2024-03-22 15:16:04,http://www.young-russell.info/,791,region,"Mozilla/5.0 (iPad; CPU iPad OS 14_2 like Mac OS X) AppleWebKit/536.0 (KHTML, like Gecko) FxiOS/14.9f7647.0 Mobile/34V355 Safari/536.0",https://ward.info/,23.251.190.140,"-57.289986, -27.084002",0.6
124,922,2024-03-27 23:04:45,https://www.russell.net/,3310,fly,Mozilla/5.0 (compatible; MSIE 9.0; Windows NT 6.2; Trident/4.1),https://love.com/,139.98.75.110,"-80.6125695, 27.530487",5.34
125,941,2024-02-03 14:24:40,https://www.moore.com/,356,collection,Opera/8.53.(X11; Linux i686; zu-ZA) Presto/2.9.190 Version/12.00,http://sanchez.com/,161.77.97.40,"-26.627388, 30.364958",0.49
126,103,2024-04-10 04:29:38,http://www.lane.org/,3116,without,Mozilla/5.0 (compatible; MSIE 6.0; Windows NT 5.0; Trident/5.0),http://colon.com/,56.167.226.152,"34.734535, -26.504496",6.65
127,365,2024-05-21 13:10:06,http://www.sims.com/,1720,executive,"Mozilla/5.0 (iPad; CPU iPad OS 10_3_3 like Mac OS X) AppleWebKit/535.1 (KHTML, like Gecko) FxiOS/15.6t4730.0 Mobile/12E224 Safari/535.1",https://www.marquez.com/,39.240.8.134,"69.5294575, -170.039092",1.06
128,58,2024-03-02 08:25:08,http://www.marks-reed.info/,2810,ahead,"Mozilla/5.0 (iPad; CPU iPad OS 9_3_5 like Mac OS X) AppleWebKit/532.2 (KHTML, like Gecko) FxiOS/14.7h7581.0 Mobile/83X454 Safari/532.2",https://www.skinner-stephenson.com/,111.61.64.32,"-30.643259, 125.981278",3.97
129,110,2024-06-11 15:02:57,http://pratt.org/,3273,goal,Mozilla/5.0 (Windows 98; Win 9x 4.90; mr-IN; rv:1.9.2.20) Gecko/2024-01-18 19:26:40 Firefox/3.8,https://green.net/,172.11.9.132,"-10.0649185, 90.006865",1.1
130,162,2024-04-22 21:26:44,http://torres.com/,566,green,Mozilla/5.0 (compatible; MSIE 6.0; Windows NT 5.01; Trident/3.1),https://www.nelson.com/,181.45.66.107,"-14.8630375, 179.849779",9.11
131,776,2024-01-13 14:18:15,http://stone.com/,2601,lot,Mozilla/5.0 (compatible; MSIE 9.0; Windows NT 10.0; Trident/5.1),http://www.patterson.com/,157.214.39.83,"39.846828, 127.305850",3.82
132,451,2024-05-05 11:52:32,http://www.wheeler.org/,1982,career,"Mozilla/5.0 (Windows NT 6.2) AppleWebKit/536.0 (KHTML, like Gecko) Chrome/56.0.896.0 Safari/536.0",http://www.mcintyre.net/,205.166.14.182,"-86.1101055, -142.232818",5.75
133,161,2024-05-18 06:39:04,http://ross-wheeler.com/,3066,finish,Mozilla/5.0 (X11; Linux i686; rv:1.9.6.20) Gecko/2018-07-24 10:24:33 Firefox/3.6.4,http://www.rodriguez.org/,5.132.117.217,"-5.7028865, 175.204151",4.03
134,281,2024-03-31 01:21:24,http://adams.com/,2073,run,Mozilla/5.0 (compatible; MSIE 5.0; Windows NT 6.2; Trident/3.1),http://rowe-rogers.org/,73.109.93.220,"19.0445805, 13.724396",2.67
135,390,2024-04-03 02:21:44,http://davis.com/,1622,fall,"Mozilla/5.0 (Macintosh; U; PPC Mac OS X 10_12_5 rv:5.0; lij-IT) AppleWebKit/534.4.1 (KHTML, like Gecko) Version/5.0.3 Safari/534.4.1",https://simmons.net/,183.1.140.49,"38.4127035, 51.538120",3.74
136,7,2024-05-09 16:11:01,http://www.ortiz-russell.com/,2652,small,"Mozilla/5.0 (iPod; U; CPU iPhone OS 4_1 like Mac OS X; niu-NU) AppleWebKit/531.9.2 (KHTML, like Gecko) Version/4.0.5 Mobile/8B112 Safari/6531.9.2",https://www.chung.com/,13.195.144.225,"-62.571589, -8.194692",1.0
137,544,2024-03-21 19:02:59,https://dawson.com/,1451,get,"Mozilla/5.0 (Windows; U; Windows NT 6.2) AppleWebKit/532.1.6 (KHTML, like Gecko) Version/5.0 Safari/532.1.6",https://www.hawkins.net/,55.3.239.136,"23.990161, 95.294473",9.66
138,676,2024-01-26 05:00:21,https://francis.org/,3077,wide,"Mozilla/5.0 (Linux; Android 3.2.5) AppleWebKit/536.2 (KHTML, like Gecko) Chrome/58.0.886.0 Safari/536.2",http://williams-english.net/,172.21.104.204,"-58.0951715, 152.046602",6.88
139,100,2024-03-16 05:29:13,http://www.underwood.com/,1568,back,Mozilla/5.0 (compatible; MSIE 6.0; Windows NT 10.0; Trident/5.1),http://buck.com/,81.226.75.165,"51.708375, -86.374394",6.82
140,832,2024-05-24 11:46:23,http://foster.com/,385,five,"Mozilla/5.0 (X11; Linux x86_64) AppleWebKit/535.2 (KHTML, like Gecko) Chrome/20.0.809.0 Safari/535.2",https://www.smith.com/,171.171.82.221,"-6.170007, -1.184745",5.45
141,917,2024-01-31 12:50:22,https://www.york-norton.com/,297,state,Mozilla/5.0 (compatible; MSIE 6.0; Windows NT 4.0; Trident/3.0),https://www.howard.info/,46.139.146.239,"-40.711197, -113.842313",1.96
142,296,2024-04-04 04:52:23,http://long.com/,3338,card,Opera/8.81.(X11; Linux x86_64; sv-SE) Presto/2.9.181 Version/12.00,https://www.perez-larson.biz/,121.75.72.221,"-52.549804, 37.855099",7.34
143,15,2024-02-17 19:50:11,https://www.brown.com/,708,with,"Mozilla/5.0 (Macintosh; U; Intel Mac OS X 10_11_0 rv:6.0; be-BY) AppleWebKit/532.1.4 (KHTML, like Gecko) Version/5.0.1 Safari/532.1.4",http://pope.net/,97.144.37.204,"27.621839, 140.024616",6.94
144,23,2024-05-12 17:46:06,http://martin.com/,3027,politics,Opera/8.49.(Windows NT 4.0; cs-CZ) Presto/2.9.160 Version/11.00,https://www.johnson-shaffer.biz/,7.190.15.64,"-12.917122, 164.797788",3.98
145,81,2024-02-03 23:49:05,https://www.carroll.biz/,1338,interest,"Mozilla/5.0 (Windows 95) AppleWebKit/532.0 (KHTML, like Gecko) Chrome/60.0.828.0 Safari/532.0",http://perkins-mcdonald.com/,87.230.30.55,"41.2816535, 131.517502",2.37
146,583,2024-02-14 12:43:46,http://www.hooper.com/,2432,girl,Mozilla/5.0 (compatible; MSIE 6.0; Windows NT 10.0; Trident/4.0),https://www.davidson.biz/,62.119.2.79,"37.492130, -170.276835",8.4
147,15,2024-05-16 11:20:13,https://www.stone-perry.com/,2870,take,Mozilla/5.0 (compatible; MSIE 5.0; Windows NT 6.1; Trident/3.1),http://lewis.info/,51.165.57.112,"-25.0753435, 76.055830",0.22
148,808,2024-03-26 13:47:42,https://www.norris.com/,3236,allow,"Mozilla/5.0 (Macintosh; U; PPC Mac OS X 10_7_7 rv:3.0; az-AZ) AppleWebKit/533.18.2 (KHTML, like Gecko) Version/4.0.4 Safari/533.18.2",https://www.adams.info/,112.104.185.56,"11.290861, 97.758434",5.37
149,758,2024-05-26 17:23:43,https://www.jones.info/,1858,believe,Mozilla/5.0 (compatible; MSIE 9.0; Windows 98; Trident/4.1),https://www.chapman-powers.com/,100.130.104.226,"74.8860915, 124.462961",6.36
150,873,2024-02-26 01:26:03,https://kramer.com/,903,matter,"Mozilla/5.0 (Macintosh; PPC Mac OS X 10_8_6) AppleWebKit/534.1 (KHTML, like Gecko) Chrome/33.0.865.0 Safari/534.1",https://www.hernandez.net/,9.169.157.117,"-40.772702, -18.988608",3.39
151,75,2024-01-13 15:49:12,http://www.sanchez.com/,1685,stage,Mozilla/5.0 (compatible; MSIE 9.0; Windows NT 4.0; Trident/5.1),https://hunt.com/,222.115.0.100,"12.7858445, 48.697172",0.34
152,407,2024-02-17 10:20:57,https://www.smith.org/,3053,college,"Mozilla/5.0 (iPhone; CPU iPhone OS 10_3_3 like Mac OS X) AppleWebKit/535.0 (KHTML, like Gecko) CriOS/31.0.882.0 Mobile/16A674 Safari/535.0",https://www.harris.org/,49.188.188.45,"-71.522395, -68.890409",7.68
153,136,2024-01-15 23:09:47,http://lopez-walsh.com/,2656,other,Opera/8.71.(X11; Linux i686; tl-PH) Presto/2.9.180 Version/10.00,http://www.smith-hays.info/,66.130.121.205,"17.231434, -94.294976",8.11
154,615,2024-04-17 20:04:08,http://www.hayes-padilla.org/,300,same,Opera/8.50.(Windows NT 6.1; ckb-IQ) Presto/2.9.170 Version/11.00,https://olson.net/,64.137.101.206,"-89.4303405, -152.290611",9.22
155,740,2024-02-07 10:05:53,https://werner.com/,2034,quality,"Mozilla/5.0 (Linux; Android 2.2.1) AppleWebKit/533.0 (KHTML, like Gecko) Chrome/46.0.885.0 Safari/533.0",http://www.jenkins.net/,116.126.126.63,"29.9213285, -86.814213",6.97
156,605,2024-04-04 05:31:23,http://www.santiago-hardy.com/,1192,among,Mozilla/5.0 (compatible; MSIE 5.0; Windows NT 5.1; Trident/3.0),https://www.carson.org/,6.50.117.98,"28.5709805, 171.301495",2.23
157,750,2024-06-05 08:09:12,http://www.bryant.info/,103,agent,Mozilla/5.0 (compatible; MSIE 6.0; Windows NT 10.0; Trident/3.1),https://estrada.org/,207.37.247.216,"6.3186265, 154.061975",8.64
158,767,2024-01-04 19:11:42,http://www.taylor.org/,452,collection,"Mozilla/5.0 (X11; Linux i686) AppleWebKit/535.2 (KHTML, like Gecko) Chrome/47.0.870.0 Safari/535.2",https://robertson.com/,159.210.37.154,"36.4283495, -28.419506",5.84
159,170,2024-02-16 02:11:42,https://www.mccarty.com/,8,share,Opera/9.25.(Windows 95; cy-GB) Presto/2.9.171 Version/12.00,http://carpenter.org/,74.103.228.74,"-18.497048, 79.754402",8.56
160,852,2024-06-06 09:28:31,http://callahan.com/,1110,fact,"Mozilla/5.0 (iPod; U; CPU iPhone OS 4_1 like Mac OS X; ru-RU) AppleWebKit/531.29.7 (KHTML, like Gecko) Version/4.0.5 Mobile/8B111 Safari/6531.29.7",https://hale-miller.com/,7.145.115.111,"19.768489, -77.575128",6.02
161,959,2024-02-05 14:47:48,https://williams-smith.com/,3382,PM,"Mozilla/5.0 (Windows 98; Win 9x 4.90) AppleWebKit/533.0 (KHTML, like Gecko) Chrome/23.0.845.0 Safari/533.0",http://murphy.com/,13.98.74.87,"40.6806505, -151.871780",2.82
162,955,2024-02-04 06:21:54,https://anderson-humphrey.org/,2976,recognize,Mozilla/5.0 (compatible; MSIE 8.0; Windows 98; Trident/3.0),https://mccoy.com/,182.232.239.27,"56.1934925, 124.471874",7.52
163,248,2024-04-05 17:24:55,https://www.powell.info/,24,dark,Mozilla/5.0 (compatible; MSIE 9.0; Windows NT 10.0; Trident/4.0),https://www.randall.net/,152.250.154.130,"88.0073365, -12.966748",5.09
164,91,2024-01-06 15:40:22,https://www.brandt.com/,1022,street,"Mozilla/5.0 (Macintosh; U; PPC Mac OS X 10_9_5 rv:2.0; da-DK) AppleWebKit/534.37.4 (KHTML, like Gecko) Version/4.1 Safari/534.37.4",http://www.boyd.com/,19.180.28.77,"81.1110485, -83.059041",0.71
165,892,2024-05-10 20:36:55,http://www.swanson.com/,3015,take,Mozilla/5.0 (compatible; MSIE 6.0; Windows NT 6.0; Trident/5.0),http://www.barnes.net/,88.159.202.96,"48.7123295, 141.211721",7.81
166,26,2024-01-12 01:06:54,http://tyler-rollins.com/,3123,through,"Mozilla/5.0 (Macintosh; U; PPC Mac OS X 10_9_9) AppleWebKit/531.1 (KHTML, like Gecko) Chrome/34.0.850.0 Safari/531.1",http://www.martinez.com/,47.123.38.83,"31.9418145, -102.082188",6.47
167,171,2024-04-30 01:09:09,http://www.hunter.com/,1183,special,"Mozilla/5.0 (iPhone; CPU iPhone OS 9_3_5 like Mac OS X) AppleWebKit/532.2 (KHTML, like Gecko) FxiOS/14.9t0490.0 Mobile/54X893 Safari/532.2",http://ramirez-carrillo.com/,98.209.133.106,"-42.8967105, 158.877769",5.8
168,996,2024-05-09 20:09:23,https://hawkins.com/,2153,herself,Opera/8.37.(X11; Linux i686; oc-FR) Presto/2.9.170 Version/12.00,https://www.smith.info/,178.182.251.144,"37.9815185, -107.525498",2.55
169,181,2024-03-20 09:51:39,http://melton.info/,3051,four,"Mozilla/5.0 (Windows; U; Windows NT 5.1) AppleWebKit/535.36.7 (KHTML, like Gecko) Version/4.0 Safari/535.36.7",https://www.murphy.com/,74.236.226.104,"75.4972895, 127.219298",9.15
170,569,2024-01-05 03:29:34,http://www.sutton.com/,1389,with,Mozilla/5.0 (compatible; MSIE 9.0; Windows 98; Win 9x 4.90; Trident/5.1),http://www.mckee-bernard.org/,176.138.139.106,"84.710394, -91.033066",1.7
171,596,2024-03-04 11:53:36,https://allen.com/,3590,local,Opera/8.32.(Windows CE; ug-CN) Presto/2.9.171 Version/12.00,https://spencer.info/,219.31.78.133,"57.138974, -134.232372",6.31
172,123,2024-01-25 11:08:05,https://www.davis-garcia.biz/,840,development,Opera/9.62.(Windows NT 5.01; eu-ES) Presto/2.9.189 Version/11.00,http://www.ramos.net/,183.104.124.77,"24.9029165, 106.983223",3.53
173,538,2024-02-03 08:48:40,http://www.sullivan.com/,1496,among,"Mozilla/5.0 (iPad; CPU iPad OS 14_2_1 like Mac OS X) AppleWebKit/531.1 (KHTML, like Gecko) FxiOS/11.1m3632.0 Mobile/14O403 Safari/531.1",http://www.garcia-golden.com/,139.97.29.150,"-79.2903905, 114.778556",3.61
174,439,2024-04-09 16:24:26,https://smith.com/,957,plan,Opera/8.47.(Windows CE; bhb-IN) Presto/2.9.185 Version/12.00,http://www.brown-jackson.com/,124.195.137.12,"34.8256365, 103.176408",9.89
175,597,2024-02-06 09:08:00,https://mooney-hernandez.com/,596,as,Mozilla/5.0 (Macintosh; U; PPC Mac OS X 10_7_3; rv:1.9.2.20) Gecko/2013-11-12 06:05:48 Firefox/3.8,https://park.net/,157.43.238.206,"55.535771, -100.954433",2.31
176,778,2024-03-18 03:06:39,https://www.martin-rodriguez.com/,2066,mission,Mozilla/5.0 (Android 5.0.2; Mobile; rv:28.0) Gecko/28.0 Firefox/28.0,https://davis.info/,35.103.106.199,"-11.415127, -89.343596",0.16
177,290,2024-04-24 18:14:24,http://watson.info/,587,wife,Mozilla/5.0 (Macintosh; PPC Mac OS X 10_11_9; rv:1.9.4.20) Gecko/2012-06-15 14:32:51 Firefox/10.0,https://dunn.info/,155.42.75.239,"-24.5322695, -138.614504",5.18
178,75,2024-02-09 09:59:40,http://www.johnson.net/,3334,action,"Mozilla/5.0 (iPad; CPU iPad OS 7_1_2 like Mac OS X) AppleWebKit/536.0 (KHTML, like Gecko) FxiOS/14.5m2126.0 Mobile/10I951 Safari/536.0",http://www.booker.org/,213.46.202.1,"-55.880064, 32.405821",8.69
179,452,2024-03-05 06:48:07,http://www.evans-olson.com/,1331,final,Mozilla/5.0 (Android 2.0.1; Mobile; rv:45.0) Gecko/45.0 Firefox/45.0,https://www.jensen-smith.com/,19.249.180.4,"42.301240, -119.717328",6.95
180,142,2024-01-19 08:08:33,http://www.johnson.com/,2316,approach,Mozilla/5.0 (Macintosh; U; PPC Mac OS X 10_6_4; rv:1.9.2.20) Gecko/2023-07-20 23:12:04 Firefox/3.6.20,http://robertson-stevens.com/,163.111.240.160,"-75.3331555, -34.555565",3.89
181,203,2024-02-08 15:56:24,http://www.carlson.info/,2940,director,"Mozilla/5.0 (iPod; U; CPU iPhone OS 3_2 like Mac OS X; shs-CA) AppleWebKit/533.46.1 (KHTML, like Gecko) Version/3.0.5 Mobile/8B114 Safari/6533.46.1",https://www.klein.net/,159.226.106.155,"-73.597783, -72.524743",9.76
182,840,2024-02-23 21:07:49,https://www.ramos.biz/,566,yes,Mozilla/5.0 (compatible; MSIE 6.0; Windows 98; Win 9x 4.90; Trident/4.0),http://drake.com/,78.52.80.28,"13.899175, 70.587915",6.61
183,214,2024-05-08 16:17:54,https://www.johnson.com/,3528,record,Mozilla/5.0 (compatible; MSIE 5.0; Windows NT 10.0; Trident/5.1),https://www.gamble.com/,22.253.226.61,"-17.7400375, 96.887888",7.84
184,477,2024-01-23 17:55:38,http://www.perez.com/,672,hot,Mozilla/5.0 (compatible; MSIE 5.0; Windows 98; Win 9x 4.90; Trident/4.0),http://www.brown-mccall.info/,17.9.167.27,"78.276760, -79.829302",7.94
185,821,2024-04-06 12:38:01,http://richardson-grant.biz/,2820,mean,"Mozilla/5.0 (iPhone; CPU iPhone OS 6_1_6 like Mac OS X) AppleWebKit/535.0 (KHTML, like Gecko) FxiOS/11.1o6971.0 Mobile/54K093 Safari/535.0",http://www.hall.com/,165.207.31.67,"12.8871955, -85.775797",8.45
186,708,2024-02-07 00:44:33,http://www.barton-tran.com/,185,follow,Opera/8.55.(Windows NT 5.01; km-KH) Presto/2.9.160 Version/12.00,https://rodriguez.com/,83.28.24.31,"3.211531, 123.084165",6.7
187,603,2024-02-02 17:00:23,https://www.kelly-adkins.com/,1012,set,"Mozilla/5.0 (Windows; U; Windows NT 10.0) AppleWebKit/533.15.3 (KHTML, like Gecko) Version/4.1 Safari/533.15.3",https://www.phillips-shelton.com/,174.210.93.156,"-68.6569755, -48.931937",4.71
188,397,2024-04-15 18:57:28,http://www.taylor-morgan.info/,1775,success,Mozilla/5.0 (compatible; MSIE 7.0; Windows 98; Trident/5.0),https://chapman.com/,186.174.253.110,"-4.610058, 99.114185",5.22
189,239,2024-01-27 01:56:45,http://www.werner.com/,1099,image,"Mozilla/5.0 (iPod; U; CPU iPhone OS 4_3 like Mac OS X; fa-IR) AppleWebKit/533.5.5 (KHTML, like Gecko) Version/4.0.5 Mobile/8B115 Safari/6533.5.5",https://rivera.com/,65.158.142.78,"86.611374, 41.630451",4.02
190,814,2024-03-13 03:05:33,https://www.carlson.com/,640,say,"Mozilla/5.0 (Linux; Android 4.0.2) AppleWebKit/536.2 (KHTML, like Gecko) Chrome/13.0.872.0 Safari/536.2",http://www.murphy-santos.org/,177.220.119.147,"63.284254, 139.582425",0.18
191,448,2024-04-18 07:49:24,http://collins.net/,1103,consumer,Mozilla/5.0 (compatible; MSIE 8.0; Windows NT 6.1; Trident/5.1),http://hernandez.org/,44.72.101.195,"-30.9121445, -170.078554",8.01
192,491,2024-05-05 07:32:25,https://www.morgan.com/,1898,social,"Mozilla/5.0 (iPad; CPU iPad OS 10_3_3 like Mac OS X) AppleWebKit/531.2 (KHTML, like Gecko) CriOS/54.0.842.0 Mobile/71B997 Safari/531.2",https://campbell-gomez.info/,133.161.27.99,"85.570420, -164.518203",2.05
193,157,2024-05-10 06:42:24,https://sutton.org/,991,shoulder,Mozilla/5.0 (compatible; MSIE 9.0; Windows NT 5.1; Trident/4.0),http://www.hart.org/,223.165.162.7,"76.016725, 139.340357",0.81
194,431,2024-03-12 17:33:46,http://bowen.net/,2429,light,Mozilla/5.0 (compatible; MSIE 6.0; Windows NT 6.2; Trident/4.1),http://www.crawford-andrews.net/,16.0.196.237,"-48.587511, 131.871685",3.73
195,57,2024-05-25 17:02:34,https://moore-walker.biz/,133,position,"Mozilla/5.0 (Windows; U; Windows 98) AppleWebKit/533.21.6 (KHTML, like Gecko) Version/4.0 Safari/533.21.6",https://www.fleming-herrera.info/,71.232.6.166,"-35.2387335, -90.445630",9.6
196,196,2024-01-27 22:35:21,https://oconnor-mcclure.com/,1735,practice,Mozilla/5.0 (Windows NT 5.2; the-NP; rv:1.9.0.20) Gecko/2017-01-24 10:38:09 Firefox/3.6.2,https://www.simmons-howe.com/,160.48.162.139,"35.035657, 144.000108",6.29
197,813,2024-05-22 01:37:55,http://www.lambert.com/,58,compare,Opera/9.94.(Windows CE; ne-NP) Presto/2.9.172 Version/11.00,https://www.walker.com/,218.115.116.123,"12.8456915, -3.915034",9.76
198,920,2024-04-04 18:24:16,http://www.vazquez.com/,738,increase,Mozilla/5.0 (X11; Linux x86_64; rv:1.9.6.20) Gecko/2012-09-29 10:01:26 Firefox/7.0,https://nelson.org/,173.250.117.74,"58.242070, 134.272863",2.69
199,592,2024-04-06 12:13:34,https://stevens-becker.info/,3270,a,Mozilla/5.0 (Macintosh; U; PPC Mac OS X 10_8_4; rv:1.9.2.20) Gecko/2016-06-18 19:04:58 Firefox/3.8,https://www.welch.com/,180.153.42.130,"-49.5855915, -113.536340",9.15
200,816,2024-05-02 13:29:33,http://www.rodriguez.com/,1335,much,"Mozilla/5.0 (iPad; CPU iPad OS 5_1_1 like Mac OS X) AppleWebKit/532.1 (KHTML, like Gecko) CriOS/47.0.897.0 Mobile/02E122 Safari/532.1",https://www.cooper.com/,103.253.95.230,"45.5036765, 139.707076",1.52
201,851,2024-03-03 01:41:35,http://mcknight.com/,1450,hot,Opera/9.47.(X11; Linux i686; ht-HT) Presto/2.9.179 Version/12.00,https://martinez-manning.org/,44.231.238.222,"-55.513333, -175.958349",5.83
202,747,2024-02-13 11:28:49,http://lambert.net/,254,cultural,"Mozilla/5.0 (iPad; CPU iPad OS 12_4_8 like Mac OS X) AppleWebKit/532.1 (KHTML, like Gecko) CriOS/17.0.898.0 Mobile/94K254 Safari/532.1",http://www.newton.net/,142.155.236.51,"8.0681695, 143.296156",0.19
203,895,2024-03-28 05:24:19,http://www.ward.com/,2701,yard,"Mozilla/5.0 (iPod; U; CPU iPhone OS 4_2 like Mac OS X; th-TH) AppleWebKit/531.40.5 (KHTML, like Gecko) Version/4.0.5 Mobile/8B111 Safari/6531.40.5",https://www.howard.biz/,92.56.117.130,"-20.0101615, 75.452319",0.63
204,880,2024-04-29 02:01:29,https://miller-bernard.com/,3165,ability,"Mozilla/5.0 (Linux; Android 5.0) AppleWebKit/534.2 (KHTML, like Gecko) Chrome/21.0.837.0 Safari/534.2",https://www.gamble-ramirez.biz/,28.239.139.137,"-75.4544575, 28.441071",3.34
205,554,2024-02-05 22:02:51,https://www.robles.info/,2826,similar,"Mozilla/5.0 (X11; Linux x86_64) AppleWebKit/536.0 (KHTML, like Gecko) Chrome/46.0.868.0 Safari/536.0",http://www.salazar.com/,14.216.162.243,"50.224269, 56.320205",7.79
206,442,2024-03-02 06:44:22,http://www.greene-brooks.com/,787,product,Mozilla/5.0 (compatible; MSIE 6.0; Windows NT 10.0; Trident/4.0),https://sparks-gray.biz/,193.37.144.180,"48.644620, 91.406928",4.43
207,811,2024-06-06 07:54:01,http://www.green.com/,165,support,"Mozilla/5.0 (X11; Linux i686) AppleWebKit/536.2 (KHTML, like Gecko) Chrome/35.0.872.0 Safari/536.2",https://www.jones-costa.com/,117.0.21.211,"71.022670, -54.859145",8.46
208,426,2024-05-23 08:52:55,http://www.costa.com/,41,respond,Mozilla/5.0 (Android 4.2; Mobile; rv:64.0) Gecko/64.0 Firefox/64.0,https://smith-wilkerson.com/,173.133.37.6,"-40.5945575, -107.473665",1.58
209,150,2024-02-04 09:55:27,https://baker-franklin.com/,750,security,"Mozilla/5.0 (iPod; U; CPU iPhone OS 3_0 like Mac OS X; he-IL) AppleWebKit/533.24.7 (KHTML, like Gecko) Version/4.0.5 Mobile/8B112 Safari/6533.24.7",http://todd-farrell.biz/,5.240.78.138,"-77.555802, -116.773658",2.06
210,285,2024-01-13 07:00:24,http://ferguson.com/,479,enter,Opera/8.28.(Windows CE; fi-FI) Presto/2.9.162 Version/12.00,http://rivera.com/,27.57.143.21,"58.858680, -70.838275",7.67
211,873,2024-04-24 04:04:00,http://willis.biz/,1334,probably,"Mozilla/5.0 (Macintosh; Intel Mac OS X 10_6_8 rv:2.0; ast-ES) AppleWebKit/533.35.1 (KHTML, like Gecko) Version/4.1 Safari/533.35.1",http://www.hernandez-freeman.com/,44.39.170.254,"-36.3744255, 2.666318",9.94
212,409,2024-03-22 07:23:54,http://www.lee-miller.com/,1208,reveal,Mozilla/5.0 (compatible; MSIE 8.0; Windows NT 6.2; Trident/4.1),http://nguyen-perkins.com/,161.53.248.17,"-89.6781025, 98.150980",3.55
213,789,2024-01-06 12:14:21,https://www.nelson.org/,3159,machine,Mozilla/5.0 (compatible; MSIE 9.0; Windows 98; Trident/5.0),http://www.rivera.net/,77.192.132.107,"86.0603035, -127.631122",7.53
214,801,2024-01-04 00:14:09,http://martinez-lee.com/,3528,grow,"Mozilla/5.0 (Windows NT 6.1) AppleWebKit/536.0 (KHTML, like Gecko) Chrome/31.0.814.0 Safari/536.0",https://hayes-gonzalez.com/,97.2.20.109,"24.1406865, 171.617235",7.08
215,827,2024-03-22 21:50:19,http://www.mitchell.com/,1826,act,Opera/9.80.(Windows NT 5.0; tt-RU) Presto/2.9.190 Version/11.00,http://pierce.com/,199.197.249.71,"-44.5684375, 122.205856",9.31
216,652,2024-04-14 02:40:26,https://www.graham.net/,593,raise,Opera/8.75.(X11; Linux i686; sr-RS) Presto/2.9.177 Version/10.00,https://www.long.com/,160.78.236.91,"3.3362545, -12.903254",6.26
217,131,2024-01-21 23:55:19,https://jones-anderson.com/,235,major,Opera/8.20.(X11; Linux i686; sc-IT) Presto/2.9.176 Version/12.00,https://www.james.com/,198.175.233.170,"86.598148, -86.170840",2.88
218,309,2024-04-19 06:52:45,https://www.contreras.com/,2811,must,Opera/8.65.(Windows NT 5.1; szl-PL) Presto/2.9.160 Version/11.00,https://www.pacheco.com/,171.23.82.179,"58.3999945, -59.808220",0.09
219,362,2024-01-18 18:51:07,http://khan-waters.biz/,1109,east,Opera/8.86.(Windows CE; km-KH) Presto/2.9.168 Version/10.00,https://www.jones-dorsey.com/,2.94.246.111,"-85.4943595, 165.502273",2.45
220,999,2024-05-05 17:04:38,https://torres.com/,3125,position,"Mozilla/5.0 (Macintosh; Intel Mac OS X 10_7_7 rv:3.0; te-IN) AppleWebKit/535.21.4 (KHTML, like Gecko) Version/5.0 Safari/535.21.4",https://www.johnson.com/,186.110.207.207,"-24.499718, 159.211636",0.21
221,793,2024-03-13 09:57:17,https://www.hernandez-keller.com/,633,join,Mozilla/5.0 (compatible; MSIE 7.0; Windows NT 10.0; Trident/5.0),https://mcbride.info/,78.170.236.57,"-40.0543035, -14.550958",6.17
222,619,2024-06-10 13:11:13,https://garcia.com/,770,reality,Mozilla/5.0 (Android 4.4; Mobile; rv:56.0) Gecko/56.0 Firefox/56.0,http://jenkins.org/,212.225.171.133,"6.373750, -31.281077",2.24
223,279,2024-01-10 04:51:29,https://wilson.net/,2145,purpose,Mozilla/5.0 (Windows NT 6.0; lt-LT; rv:1.9.1.20) Gecko/2023-09-15 05:33:52 Firefox/3.6.9,https://www.good.com/,209.199.60.43,"87.1034235, -87.640668",3.63
224,198,2024-04-06 00:20:30,http://mason-fernandez.info/,1659,place,Mozilla/5.0 (compatible; MSIE 8.0; Windows CE; Trident/3.1),http://wagner.com/,46.141.93.126,"-50.4703705, -165.819246",5.87
225,338,2024-02-14 05:36:07,https://www.ramos.com/,3073,reality,Mozilla/5.0 (X11; Linux i686; rv:1.9.6.20) Gecko/2016-12-06 20:29:01 Firefox/3.8,https://www.nguyen.info/,91.12.178.66,"63.894377, -91.475201",1.48
226,428,2024-02-06 02:10:04,https://www.miller.com/,322,process,"Mozilla/5.0 (Windows NT 6.1) AppleWebKit/531.1 (KHTML, like Gecko) Chrome/40.0.896.0 Safari/531.1",http://valencia-house.com/,167.81.186.170,"-64.970614, 34.256113",3.32
227,61,2024-05-05 11:08:30,http://www.nunez.com/,649,oil,"Mozilla/5.0 (Windows 98; Win 9x 4.90) AppleWebKit/533.2 (KHTML, like Gecko) Chrome/15.0.816.0 Safari/533.2",http://www.ware.com/,67.212.105.92,"3.6640985, -65.294587",6.95
228,730,2024-01-27 20:56:01,https://acosta-woods.info/,2224,reach,Opera/8.11.(X11; Linux x86_64; fy-DE) Presto/2.9.184 Version/10.00,http://nunez.info/,201.30.251.139,"85.985864, -123.281288",6.3
229,378,2024-02-28 00:07:07,https://shah.com/,2623,above,Mozilla/5.0 (X11; Linux i686; rv:1.9.6.20) Gecko/2014-12-01 00:16:05 Firefox/3.6.18,http://www.jacobs-perez.com/,44.29.95.172,"27.088149, 167.746550",7.12
230,864,2024-01-24 10:47:34,https://www.cruz.biz/,2341,deal,Opera/9.58.(Windows 98; Win 9x 4.90; bn-BD) Presto/2.9.161 Version/11.00,http://garcia.com/,1.240.251.138,"-21.6295975, -141.234166",9.15
231,375,2024-01-18 21:14:47,http://finley.org/,3073,more,Opera/9.65.(Windows NT 10.0; yo-NG) Presto/2.9.177 Version/11.00,http://www.jenkins.com/,130.22.17.25,"67.004486, -163.113835",2.59
232,176,2024-02-03 04:47:26,http://www.cisneros.net/,1718,high,"Mozilla/5.0 (Windows CE) AppleWebKit/536.2 (KHTML, like Gecko) Chrome/39.0.875.0 Safari/536.2",http://wright-johnson.com/,49.240.189.107,"52.100041, 175.828756",3.25
233,247,2024-01-30 01:16:16,https://simmons.com/,2239,data,Opera/8.85.(Windows NT 6.1; ps-AF) Presto/2.9.189 Version/10.00,http://www.mejia.com/,56.43.22.110,"5.4265025, 93.650159",1.78
234,313,2024-05-06 14:48:56,http://bray.com/,2895,finally,"Mozilla/5.0 (X11; Linux i686) AppleWebKit/532.0 (KHTML, like Gecko) Chrome/53.0.888.0 Safari/532.0",https://smith.com/,123.92.247.174,"-31.9948355, 63.774006",6.06
235,551,2024-03-29 23:45:58,https://www.ewing.com/,2162,you,"Mozilla/5.0 (Macintosh; Intel Mac OS X 10_11_7 rv:2.0; li-NL) AppleWebKit/532.1.2 (KHTML, like Gecko) Version/5.0 Safari/532.1.2",https://www.robinson.com/,143.229.9.125,"3.308220, 84.438083",3.61
236,292,2024-01-16 00:30:34,https://zuniga.com/,2534,out,"Mozilla/5.0 (Macintosh; U; Intel Mac OS X 10_9_1 rv:3.0; ts-ZA) AppleWebKit/535.50.7 (KHTML, like Gecko) Version/4.1 Safari/535.50.7",http://booth.biz/,33.90.29.158,"-32.9064075, -37.627699",1.11
237,782,2024-01-18 20:32:29,https://www.johnson-holt.com/,3118,cold,Opera/8.52.(X11; Linux x86_64; as-IN) Presto/2.9.185 Version/10.00,https://hamilton.com/,167.106.108.9,"67.3261005, 53.188319",5.75
238,559,2024-03-24 08:07:24,https://www.reed.com/,2251,cause,"Mozilla/5.0 (Windows; U; Windows NT 10.0) AppleWebKit/532.21.6 (KHTML, like Gecko) Version/5.0.1 Safari/532.21.6",https://www.jensen.com/,215.61.60.106,"-60.917609, -78.786372",8.82
239,447,2024-04-14 22:32:07,http://clark.net/,1995,issue,"Mozilla/5.0 (iPhone; CPU iPhone OS 9_3_6 like Mac OS X) AppleWebKit/532.1 (KHTML, like Gecko) FxiOS/14.5p4260.0 Mobile/03C588 Safari/532.1",https://harrison.com/,77.101.122.208,"-67.726822, -164.537716",9.25
240,326,2024-05-19 14:43:31,http://dixon.biz/,1022,dark,"Mozilla/5.0 (Windows; U; Windows NT 6.1) AppleWebKit/533.19.4 (KHTML, like Gecko) Version/4.0.3 Safari/533.19.4",http://www.bishop.info/,64.63.124.73,"59.4536515, -42.999905",8.69
241,876,2024-05-20 11:07:11,http://www.harris-chapman.biz/,540,people,Mozilla/5.0 (Macintosh; Intel Mac OS X 10_11_8; rv:1.9.4.20) Gecko/2013-12-31 00:08:36 Firefox/9.0,http://www.roberts-wilson.com/,172.2.209.111,"80.5903055, 86.233715",3.36
242,221,2024-03-22 20:15:47,https://www.velez.com/,2972,century,"Mozilla/5.0 (iPad; CPU iPad OS 7_1_2 like Mac OS X) AppleWebKit/532.1 (KHTML, like Gecko) FxiOS/18.3d9067.0 Mobile/54O037 Safari/532.1",https://griffin-scott.org/,221.77.172.97,"-34.6813515, 133.158655",7.61
243,515,2024-06-06 05:18:28,http://wilkerson-woodward.com/,2686,staff,Mozilla/5.0 (compatible; MSIE 5.0; Windows NT 5.01; Trident/5.0),https://www.benitez-jackson.com/,89.71.97.99,"88.6507755, 154.022556",0.89
244,946,2024-02-29 18:46:09,https://www.mclaughlin.com/,1453,war,Opera/8.65.(X11; Linux x86_64; tk-TM) Presto/2.9.187 Version/12.00,https://www.wise.org/,55.104.190.184,"55.295144, 157.762294",8.92
245,711,2024-05-01 03:56:28,http://www.reynolds.com/,2221,show,Opera/8.58.(X11; Linux x86_64; tig-ER) Presto/2.9.173 Version/12.00,http://www.simpson.net/,6.100.11.181,"85.7903835, 151.189631",3.13
246,358,2024-01-22 17:15:12,https://www.collins-farmer.com/,668,positive,Opera/8.69.(X11; Linux i686; uk-UA) Presto/2.9.174 Version/12.00,https://www.waller.com/,35.119.196.14,"-30.8854415, -52.081541",0.34
247,554,2024-03-11 01:29:01,https://www.rivera.com/,2886,even,Mozilla/5.0 (compatible; MSIE 5.0; Windows NT 10.0; Trident/3.1),http://www.allen.com/,51.244.169.101,"34.348211, -104.413858",2.79
248,733,2024-06-07 22:25:45,http://higgins-munoz.net/,3271,same,Mozilla/5.0 (compatible; MSIE 6.0; Windows NT 4.0; Trident/5.1),https://www.smith.com/,192.148.136.209,"-39.232462, -54.807153",3.97
249,26,2024-03-01 14:29:46,https://www.hernandez.com/,1770,probably,Mozilla/5.0 (X11; Linux i686; rv:1.9.6.20) Gecko/2010-01-03 22:52:18 Firefox/3.6.5,http://russell.com/,42.180.93.157,"-46.4688895, -3.594624",3.04
250,771,2024-03-17 02:17:52,http://www.walton.com/,1919,ever,Mozilla/5.0 (compatible; MSIE 9.0; Windows NT 10.0; Trident/4.0),http://www.murphy.com/,172.139.197.191,"32.7658545, -158.121264",0.5
251,104,2024-01-22 17:40:22,http://www.harrison.com/,266,cut,"Mozilla/5.0 (Macintosh; U; Intel Mac OS X 10_8_4 rv:3.0; cv-RU) AppleWebKit/532.47.1 (KHTML, like Gecko) Version/4.1 Safari/532.47.1",http://www.mitchell-stevens.com/,209.114.87.242,"53.5219935, -134.640762",9.15
252,17,2024-05-28 04:09:04,https://bullock-miller.net/,3456,fear,"Mozilla/5.0 (iPod; U; CPU iPhone OS 3_3 like Mac OS X; sv-FI) AppleWebKit/535.37.4 (KHTML, like Gecko) Version/4.0.5 Mobile/8B119 Safari/6535.37.4",https://www.morrow.net/,190.3.15.182,"4.2153465, 24.453310",8.67
253,668,2024-04-25 20:57:25,http://morris.org/,2007,suddenly,"Mozilla/5.0 (Macintosh; PPC Mac OS X 10_12_1 rv:5.0; ht-HT) AppleWebKit/534.42.3 (KHTML, like Gecko) Version/4.1 Safari/534.42.3",http://www.harris.com/,172.59.192.23,"68.254497, -21.818057",5.04
254,164,2024-02-04 03:52:34,http://www.miller.com/,3504,nice,Opera/9.22.(Windows 95; se-NO) Presto/2.9.174 Version/10.00,http://www.rodriguez-kerr.com/,20.23.41.82,"75.3783545, -104.713290",2.22
255,330,2024-02-19 20:12:05,https://www.mcdowell.org/,1893,doctor,Mozilla/5.0 (compatible; MSIE 5.0; Windows 98; Win 9x 4.90; Trident/4.1),http://www.anderson.com/,125.207.218.126,"47.313711, -151.889689",7.51
256,747,2024-03-11 03:47:06,http://crawford-torres.com/,1552,mission,Mozilla/5.0 (compatible; MSIE 5.0; Windows NT 6.1; Trident/3.1),http://www.frazier-mckee.com/,98.111.182.69,"41.1019205, -20.788452",9.01
257,503,2024-05-02 23:57:36,http://stephens-rose.net/,3509,heavy,"Mozilla/5.0 (iPod; U; CPU iPhone OS 3_3 like Mac OS X; lg-UG) AppleWebKit/534.30.7 (KHTML, like Gecko) Version/3.0.5 Mobile/8B115 Safari/6534.30.7",http://www.valenzuela.info/,14.120.110.82,"-35.1577375, -56.437617",0.48
258,293,2024-02-02 06:06:45,http://dean.com/,3218,garden,"Mozilla/5.0 (Windows NT 5.01) AppleWebKit/531.0 (KHTML, like Gecko) Chrome/33.0.876.0 Safari/531.0",https://www.banks-hill.com/,27.99.81.241,"-75.7968645, -98.373958",5.47
259,137,2024-02-13 06:48:30,http://www.cordova.com/,734,create,Opera/9.32.(X11; Linux i686; mhr-RU) Presto/2.9.180 Version/10.00,http://www.fowler.com/,103.142.204.109,"49.4465135, 3.323662",7.99
260,827,2024-01-06 10:54:28,http://www.malone-nolan.com/,2087,born,Opera/9.96.(X11; Linux i686; ts-ZA) Presto/2.9.177 Version/12.00,http://www.long-mccormick.com/,69.246.117.13,"85.779165, -178.790812",4.38
261,48,2024-01-22 06:05:18,https://farrell.com/,3266,speak,"Mozilla/5.0 (Macintosh; PPC Mac OS X 10_6_2) AppleWebKit/535.0 (KHTML, like Gecko) Chrome/54.0.855.0 Safari/535.0",http://www.simmons-snyder.biz/,11.51.30.55,"-70.090013, 167.343997",1.61
262,105,2024-01-09 23:49:28,https://www.lewis.com/,3342,sort,"Mozilla/5.0 (iPod; U; CPU iPhone OS 4_3 like Mac OS X; crh-UA) AppleWebKit/535.2.6 (KHTML, like Gecko) Version/4.0.5 Mobile/8B116 Safari/6535.2.6",http://www.morrison-randall.com/,62.52.223.178,"87.800896, -52.819807",0.45
263,649,2024-01-30 07:01:14,https://barnes.org/,1687,road,Mozilla/5.0 (Android 3.2.5; Mobile; rv:27.0) Gecko/27.0 Firefox/27.0,https://www.pierce.biz/,70.1.1.98,"-66.4675065, 47.615338",0.69
264,702,2024-04-28 15:56:16,http://blackburn.net/,3414,defense,"Mozilla/5.0 (Windows NT 6.2) AppleWebKit/532.2 (KHTML, like Gecko) Chrome/19.0.891.0 Safari/532.2",https://walker-miller.com/,153.66.67.225,"-11.782746, -120.575383",7.85
265,250,2024-01-20 04:58:18,https://watson.com/,1197,guess,Opera/8.31.(X11; Linux x86_64; mg-MG) Presto/2.9.171 Version/12.00,http://www.sandoval.com/,15.47.208.8,"50.2943665, -56.207503",1.99
266,343,2024-06-11 09:53:49,https://www.oliver-thomas.com/,340,free,Mozilla/5.0 (compatible; MSIE 8.0; Windows CE; Trident/4.0),http://bender.org/,213.94.142.232,"-89.2665665, -154.308029",5.62
267,461,2024-04-24 01:23:52,https://www.brown-cervantes.biz/,467,research,Opera/9.48.(Windows NT 6.1; eo-US) Presto/2.9.178 Version/10.00,http://www.howard-logan.com/,185.234.44.125,"-35.712928, 175.260583",3.45
268,290,2024-05-09 16:11:13,http://owens-colon.com/,3003,your,Mozilla/5.0 (compatible; MSIE 8.0; Windows NT 5.01; Trident/3.0),https://www.miranda.com/,37.135.136.123,"32.2754005, 35.852732",4.44
269,171,2024-01-31 23:21:23,http://www.jones-hess.com/,3539,lot,"Mozilla/5.0 (Linux; Android 9) AppleWebKit/534.2 (KHTML, like Gecko) Chrome/36.0.807.0 Safari/534.2",http://davis-reed.net/,28.117.233.217,"4.4756015, -31.020547",3.4
270,795,2024-04-03 21:10:42,http://bond.net/,774,energy,Opera/8.42.(X11; Linux x86_64; hu-HU) Presto/2.9.184 Version/11.00,https://pugh-myers.com/,10.58.217.195,"-61.439181, -168.520299",4.8
271,471,2024-02-07 14:02:40,http://dominguez-gonzales.com/,1257,most,Mozilla/5.0 (Windows NT 6.1; bhb-IN; rv:1.9.2.20) Gecko/2014-02-05 17:32:59 Firefox/3.6.3,https://www.norris.com/,165.199.107.167,"-88.127260, 91.635252",4.15
272,994,2024-02-14 03:33:04,http://www.greene.biz/,794,effect,Opera/9.74.(Windows NT 4.0; st-ZA) Presto/2.9.163 Version/12.00,http://jones.com/,170.227.98.6,"12.948950, 18.881266",9.54
273,225,2024-03-10 18:00:52,https://edwards-webb.biz/,1593,with,Opera/9.51.(Windows NT 5.1; gez-ER) Presto/2.9.164 Version/10.00,http://williams-walsh.com/,92.229.155.139,"11.159279, 21.258864",2.87
274,398,2024-02-10 04:04:02,http://www.thomas.com/,2971,fact,"Mozilla/5.0 (X11; Linux i686) AppleWebKit/536.1 (KHTML, like Gecko) Chrome/17.0.824.0 Safari/536.1",http://www.ford.com/,115.223.162.235,"87.947253, 143.582894",9.66
275,310,2024-02-03 12:45:05,https://www.brown.com/,3348,clearly,"Mozilla/5.0 (Macintosh; U; PPC Mac OS X 10_7_1 rv:2.0; hsb-DE) AppleWebKit/534.29.1 (KHTML, like Gecko) Version/5.0.5 Safari/534.29.1",https://ross.com/,206.158.154.186,"-87.741788, -97.921475",2.73
276,772,2024-02-17 14:29:33,https://www.smith.com/,916,stock,Mozilla/5.0 (X11; Linux x86_64; rv:1.9.5.20) Gecko/2016-09-09 14:10:35 Firefox/3.6.5,http://dawson.com/,197.144.87.107,"73.3678895, 66.527818",1.81
277,925,2024-06-04 01:44:19,http://www.wallace.info/,3230,than,Mozilla/5.0 (Android 4.0.2; Mobile; rv:21.0) Gecko/21.0 Firefox/21.0,https://ayala.com/,175.16.60.66,"-49.836246, -150.414133",6.74
278,181,2024-01-26 06:34:17,https://www.aguilar.com/,1335,shoulder,Mozilla/5.0 (Android 4.0.3; Mobile; rv:32.0) Gecko/32.0 Firefox/32.0,http://huff.info/,8.142.63.160,"18.7540765, 165.002473",4.97
279,420,2024-01-04 10:05:03,https://www.christensen.com/,608,leave,Mozilla/5.0 (compatible; MSIE 7.0; Windows NT 10.0; Trident/4.1),https://richardson.org/,97.92.159.34,"18.238523, -0.377709",5.48
280,600,2024-06-02 21:47:48,http://www.scott-morris.com/,1733,attention,Mozilla/5.0 (compatible; MSIE 6.0; Windows NT 6.2; Trident/3.1),http://www.blake-richardson.net/,126.34.137.205,"-15.956690, 69.569394",5.85
281,269,2024-05-15 00:07:45,http://palmer-owens.info/,3187,tonight,"Mozilla/5.0 (Macintosh; U; PPC Mac OS X 10_6_1 rv:3.0; ca-ES) AppleWebKit/531.34.6 (KHTML, like Gecko) Version/4.1 Safari/531.34.6",http://www.porter.com/,106.57.205.171,"89.865634, 169.998801",0.32
282,530,2024-02-08 04:09:36,http://www.hahn.com/,1388,teacher,"Mozilla/5.0 (Windows; U; Windows NT 5.01) AppleWebKit/532.10.4 (KHTML, like Gecko) Version/5.0.1 Safari/532.10.4",https://www.leonard.biz/,6.176.16.184,"-56.1588495, -131.746603",8.14
283,751,2024-05-06 10:26:28,https://patel.com/,2501,traditional,Mozilla/5.0 (compatible; MSIE 6.0; Windows NT 4.0; Trident/4.1),https://www.green-miller.info/,12.115.90.87,"68.3543035, -123.239550",9.51
284,843,2024-05-30 10:51:35,http://ochoa.net/,925,center,"Mozilla/5.0 (iPhone; CPU iPhone OS 3_1_3 like Mac OS X) AppleWebKit/533.1 (KHTML, like Gecko) CriOS/18.0.810.0 Mobile/58I138 Safari/533.1",https://www.mack.com/,168.222.161.236,"58.1024015, 102.751209",5.37
285,797,2024-01-04 03:42:17,https://ward-lee.com/,558,stock,"Mozilla/5.0 (Windows 98; Win 9x 4.90) AppleWebKit/532.1 (KHTML, like Gecko) Chrome/60.0.895.0 Safari/532.1",http://www.mcpherson.com/,119.243.96.123,"10.4875305, -102.113831",8.72
286,890,2024-01-30 01:23:03,https://www.patrick-lopez.net/,1814,happy,Opera/8.31.(X11; Linux x86_64; ug-CN) Presto/2.9.182 Version/11.00,http://williams-scott.net/,174.226.101.38,"-54.5601975, 37.939610",6.69
287,115,2024-02-02 08:48:53,https://shaw.com/,3539,laugh,Mozilla/5.0 (Macintosh; U; Intel Mac OS X 10_11_1; rv:1.9.2.20) Gecko/2017-08-13 10:06:10 Firefox/13.0,http://hicks-woods.com/,83.72.183.30,"-44.8634355, -63.903948",4.05
288,292,2024-04-06 01:02:19,http://woodward.com/,1217,level,"Mozilla/5.0 (iPod; U; CPU iPhone OS 3_0 like Mac OS X; unm-US) AppleWebKit/534.42.6 (KHTML, like Gecko) Version/3.0.5 Mobile/8B116 Safari/6534.42.6",https://www.lewis.biz/,6.22.140.193,"43.059199, -85.148780",1.41
289,968,2024-03-27 10:42:31,https://miller-hale.com/,2716,make,"Mozilla/5.0 (Windows; U; Windows 98; Win 9x 4.90) AppleWebKit/532.31.5 (KHTML, like Gecko) Version/5.0 Safari/532.31.5",http://www.smith.com/,125.213.15.151,"19.865878, 179.111075",1.0
290,318,2024-02-22 19:21:58,https://mendoza-green.com/,2074,cover,"Mozilla/5.0 (iPad; CPU iPad OS 14_2 like Mac OS X) AppleWebKit/532.1 (KHTML, like Gecko) CriOS/26.0.848.0 Mobile/35L957 Safari/532.1",http://simmons.net/,133.139.93.17,"49.0245225, -4.031097",3.84
291,126,2024-02-24 10:05:00,http://banks.com/,2025,late,Mozilla/5.0 (compatible; MSIE 7.0; Windows NT 5.1; Trident/3.1),http://www.gill-smith.com/,78.56.168.97,"-72.683215, -79.811257",4.96
292,338,2024-03-31 04:03:17,https://www.galvan-rogers.com/,1539,character,"Mozilla/5.0 (Windows CE) AppleWebKit/531.0 (KHTML, like Gecko) Chrome/36.0.866.0 Safari/531.0",http://davis.com/,158.206.3.66,"-47.827543, -61.157981",8.73
293,746,2024-02-02 20:58:52,https://www.may.com/,3118,left,"Mozilla/5.0 (Macintosh; U; Intel Mac OS X 10_12_9 rv:4.0; da-DK) AppleWebKit/535.20.4 (KHTML, like Gecko) Version/4.1 Safari/535.20.4",http://rowland.com/,4.148.67.160,"38.9334325, 104.188930",9.16
294,77,2024-05-04 03:28:24,https://allen.biz/,1024,account,"Mozilla/5.0 (Windows; U; Windows 98; Win 9x 4.90) AppleWebKit/534.46.1 (KHTML, like Gecko) Version/4.1 Safari/534.46.1",https://decker-koch.com/,171.245.197.155,"57.5808205, -90.467746",5.67
295,783,2024-04-30 09:41:05,https://www.rocha-boyd.biz/,3393,of,"Mozilla/5.0 (Linux; Android 3.2.3) AppleWebKit/536.2 (KHTML, like Gecko) Chrome/48.0.830.0 Safari/536.2",http://www.cisneros.com/,124.168.33.63,"-47.3381995, -104.667125",1.54
296,672,2024-02-03 04:05:48,http://mahoney-galvan.com/,2783,paper,Mozilla/5.0 (compatible; MSIE 9.0; Windows NT 6.0; Trident/5.0),http://www.cook-mcfarland.net/,21.91.194.1,"-29.752324, -50.924444",6.04
297,858,2024-01-28 01:00:12,http://savage.org/,1720,view,"Mozilla/5.0 (Windows; U; Windows NT 10.0) AppleWebKit/533.11.5 (KHTML, like Gecko) Version/5.0.3 Safari/533.11.5",https://www.orr.biz/,157.29.92.25,"-88.7797835, 15.633904",1.12
298,658,2024-05-09 09:07:24,http://www.rivera.com/,1065,recognize,"Mozilla/5.0 (Macintosh; Intel Mac OS X 10_12_4 rv:4.0; ur-IN) AppleWebKit/533.25.5 (KHTML, like Gecko) Version/5.0.2 Safari/533.25.5",https://obrien.net/,42.23.144.66,"-86.454543, 179.810809",3.18
299,667,2024-02-29 20:42:28,http://www.perez-chase.com/,740,she,Opera/8.25.(Windows NT 5.2; tl-PH) Presto/2.9.165 Version/11.00,http://williams.net/,110.166.21.212,"-8.8291935, 115.763288",0.48
300,741,2024-06-03 20:50:46,http://miles.com/,2948,get,Mozilla/5.0 (Android 4.3; Mobile; rv:45.0) Gecko/45.0 Firefox/45.0,http://mason.net/,42.3.74.58,"-86.4716225, 93.576238",6.9
